model,family,scale,trees,weight,development_recall50,unknown_macro_recall50,known_macro_recall50
lgb_rank_expanded,lgb_rank,expanded,200,0.75,0.9481414562464411,0.9451923076923077,0.9461538461538461
lgb_rank_expanded,lgb_rank,expanded,200,1.0,0.9472067162514932,0.9442307692307692,0.9457692307692308
lgb_rank_expanded,lgb_rank,expanded,400,0.75,0.9449671874516665,0.9436538461538462,0.943076923076923
lgb_rank_expanded,lgb_rank,expanded,200,0.5,0.9430019821602197,0.9394230769230769,0.941923076923077
lgb_rank_4k,lgb_rank,4k,200,0.75,0.9423611306693507,0.9401923076923077,0.9394230769230769
lgb_rank_expanded,lgb_rank,expanded,400,0.5,0.9419157217505447,0.9386538461538462,0.9411538461538461
lgb_class_expanded,lgb_class,expanded,200,0.5,0.9415390175437022,0.9388461538461539,0.9394230769230769
cat_class_expanded,cat_class,expanded,200,0.5,0.94119147911111,0.9376923076923077,0.9388461538461539
cat_rank_expanded,cat_rank,expanded,800,0.5,0.9409102671696047,0.9361538461538461,0.9361538461538461
lgb_rank_expanded,lgb_rank,expanded,400,1.0,0.9407258928120098,0.9383333333333332,0.941025641025641
lgb_rank_4k,lgb_rank,4k,400,0.75,0.9404136785524212,0.9396153846153846,0.9386538461538462
lgb_rank_expanded,lgb_rank,expanded,800,0.5,0.9402369745979215,0.9373076923076923,0.9382692307692307
cat_class_expanded,cat_class,expanded,400,0.5,0.9400207665745,0.938076923076923,0.936923076923077
cat_class_expanded,cat_class,expanded,200,0.75,0.9394896422541383,0.9378846153846154,0.9375
cat_rank_expanded,cat_rank,expanded,400,0.5,0.9389800447656023,0.9338461538461539,0.9342307692307692
lgb_rank_4k,lgb_rank,4k,200,0.5,0.9388632035675214,0.9361538461538461,0.9373076923076923
cat_class_expanded,cat_class,expanded,400,0.75,0.9388065693595828,0.9375,0.9371153846153846
cat_class_4k,cat_class,4k,200,0.5,0.9387489602440768,0.9367307692307693,0.935
cat_class_expanded,cat_class,expanded,800,0.5,0.9384727244944464,0.9382692307692307,0.9359615384615385
cat_rank_4k,cat_rank,4k,800,0.5,0.938299567422907,0.9336538461538462,0.9328846153846154
lgb_rank_4k,lgb_rank,4k,200,1.0,0.93828326137464,0.9365384615384615,0.936025641025641
lgb_rank_4k,lgb_rank,4k,400,0.5,0.9382505722852382,0.9361538461538461,0.9367307692307693
lgb_class_expanded,lgb_class,expanded,200,0.75,0.9381557667980609,0.9375,0.9386538461538462
cat_class_expanded,cat_class,expanded,200,1.0,0.9379459964997288,0.936602564102564,0.9363461538461538
lgb_rank_expanded,lgb_rank,expanded,800,0.75,0.9376299540248054,0.936923076923077,0.9371153846153846
cat_rank_expanded,cat_rank,expanded,800,0.75,0.9375046897805177,0.9326923076923077,0.9326923076923077
cat_class_4k,cat_class,4k,200,0.75,0.9373976141041804,0.9363461538461538,0.9365384615384615
lgb_class_expanded,lgb_class,expanded,400,0.5,0.9371945076954298,0.9361538461538461,0.9367307692307693
cat_rank_4k,cat_rank,4k,800,0.25,0.9369621379852131,0.9323076923076923,0.9313461538461538
cat_class_4k,cat_class,4k,400,0.5,0.9367198160474073,0.9351923076923077,0.9338461538461539
lgb_rank_4k,lgb_rank,4k,400,1.0,0.9365165659662795,0.9350641025641026,0.9358333333333333
cat_rank_4k,cat_rank,4k,200,0.25,0.9364857454992588,0.9323076923076923,0.9313461538461538
cat_rank_4k,cat_rank,4k,400,0.25,0.9364404957358305,0.9323076923076923,0.9317307692307693
cat_class_4k,cat_class,4k,200,1.0,0.9362059505858741,0.9348076923076923,0.9351923076923077
cat_rank_expanded,cat_rank,expanded,400,0.25,0.9361964876262632,0.931923076923077,0.9317307692307693
cat_rank_expanded,cat_rank,expanded,200,0.25,0.936130887906208,0.9315384615384615,0.9321153846153846
lgb_class_4k,lgb_class,4k,200,0.5,0.936034093438902,0.9353846153846154,0.9340384615384615
lgb_rank_expanded,lgb_rank,expanded,200,0.25,0.9359212400228696,0.931923076923077,0.9323076923076923
lgb_rank_4k,lgb_rank,4k,800,0.75,0.9358416099747501,0.9344230769230769,0.935
cat_rank_expanded,cat_rank,expanded,800,0.25,0.9357603267670076,0.9315384615384615,0.9313461538461538
lgb_rank_expanded,lgb_rank,expanded,400,0.25,0.9357387190501152,0.9323076923076923,0.9326923076923077
lgb_rank_4k,lgb_rank,4k,800,0.5,0.9356047993646335,0.9338461538461539,0.9351923076923077
lgb_class_expanded,lgb_class,expanded,800,0.5,0.9355228593136429,0.9334615384615385,0.9346153846153846
cat_rank_expanded,cat_rank,expanded,200,0.5,0.9355030121355004,0.9305769230769231,0.9301923076923077
cat_class_4k,cat_class,4k,800,0.5,0.9354325676665656,0.9326923076923077,0.9344230769230769
lgb_rank_expanded,lgb_rank,expanded,800,0.25,0.9354217017558117,0.9315384615384615,0.933076923076923
lgb_class_expanded,lgb_class,expanded,200,0.25,0.935132499969578,0.9311538461538461,0.9323076923076923
lgb_class_expanded,lgb_class,expanded,200,1.0,0.9345564342532084,0.9337179487179487,0.9352564102564102
cat_rank_4k,cat_rank,4k,400,0.5,0.9344156228864531,0.9292307692307692,0.9288461538461539
cat_class_expanded,cat_class,expanded,800,0.25,0.9344140037118122,0.9303846153846154,0.9307692307692308
cat_class_expanded,cat_class,expanded,200,0.25,0.9343224698181366,0.9307692307692308,0.9303846153846154
lgb_class_4k,lgb_class,4k,400,0.5,0.9342555940208556,0.9332692307692307,0.9351923076923077
cat_class_expanded,cat_class,expanded,400,0.25,0.9340991791623601,0.9307692307692308,0.9303846153846154
cat_class_expanded,cat_class,expanded,400,1.0,0.9340828789965991,0.9331410256410256,0.931602564102564
lgb_class_expanded,lgb_class,expanded,400,0.25,0.9340458857643232,0.9307692307692308,0.9315384615384615
lgb_rank_4k,lgb_rank,4k,200,0.25,0.9340390491100101,0.9303846153846154,0.9307692307692308
lgb_class_4k,lgb_class,4k,800,0.5,0.9339097962250698,0.9317307692307693,0.9340384615384615
cat_rank_expanded,cat_rank,expanded,400,0.75,0.9336760156055826,0.9307692307692308,0.9284615384615384
cat_rank_4k,cat_rank,4k,200,0.5,0.9333839657276768,0.9275,0.9263461538461538
cat_rank_4k,cat_rank,4k,800,0.75,0.9333618006610797,0.9298076923076923,0.9278846153846154
lgb_class_4k,lgb_class,4k,200,0.75,0.9331856044752153,0.931923076923077,0.9315384615384615
lgb_class_4k,lgb_class,4k,400,0.75,0.9331060299843974,0.9336538461538462,0.9340384615384615
lgb_class_4k,lgb_class,4k,200,0.25,0.9331046469032787,0.9303846153846154,0.9303846153846154
cat_class_expanded,cat_class,expanded,800,0.75,0.9330855079164527,0.9313461538461538,0.9336538461538462
cat_class_4k,cat_class,4k,400,0.75,0.9330509487183022,0.9336538461538462,0.9328846153846154
lgb_class_expanded,lgb_class,expanded,400,0.75,0.9329858077670485,0.9338461538461539,0.9344230769230769
lgb_class_expanded,lgb_class,expanded,800,0.25,0.9328318622591814,0.9303846153846154,0.9296153846153846
lgb_rank_4k,lgb_rank,4k,800,0.25,0.932795000001315,0.9292307692307692,0.9309615384615385
cat_rank_expanded,cat_rank,expanded,800,1.0,0.9327252745351062,0.9291025641025641,0.9273076923076923
lgb_rank_4k,lgb_rank,4k,400,0.25,0.9325290630737998,0.9288461538461539,0.9298076923076923
cat_class_4k,cat_class,4k,400,0.25,0.9323153525776207,0.93,0.9292307692307692
cat_class_4k,cat_class,4k,200,0.25,0.9322379086212468,0.9303846153846154,0.9296153846153846
lgb_class_4k,lgb_class,4k,800,0.25,0.9321754481402724,0.9301923076923077,0.9290384615384616
lgb_class_4k,lgb_class,4k,400,0.25,0.9320819238708962,0.9307692307692308,0.9309615384615385
lgb_class_4k,lgb_class,4k,800,0.75,0.9319608078736801,0.9311538461538461,0.9309615384615385
lgb_class_4k,lgb_class,4k,200,1.0,0.931428018482443,0.9302564102564101,0.93
lgb_class_expanded,lgb_class,expanded,800,0.75,0.9311550711723462,0.9323076923076923,0.9336538461538462
cat_class_4k,cat_class,4k,800,0.75,0.9311353386419867,0.9288461538461539,0.9309615384615385
lgb_rank_expanded,lgb_rank,expanded,800,1.0,0.9311047777544335,0.9309615384615385,0.9332692307692307
cat_class_4k,cat_class,4k,800,0.25,0.9310853530897629,0.9292307692307692,0.9303846153846154
cat_rank_expanded,cat_rank,expanded,400,1.0,0.9302745116684278,0.9264102564102563,0.9246794871794871
cat_class_4k,cat_class,4k,400,1.0,0.9301214966303475,0.9307692307692308,0.9305769230769231
lgb_class_expanded,lgb_class,expanded,400,1.0,0.9295837599137695,0.9314102564102563,0.9302564102564101
cat_class_expanded,cat_class,expanded,800,1.0,0.9290259889799402,0.9304487179487179,0.9294230769230769
cat_rank_4k,cat_rank,4k,800,1.0,0.9289808069378561,0.9233333333333332,0.9252564102564101
cat_rank_expanded,cat_rank,expanded,200,0.75,0.9285566384510537,0.9236538461538462,0.9240384615384616
lgb_rank_4k,lgb_rank,4k,800,1.0,0.9284652843515364,0.9279487179487179,0.9298717948717948
lgb_class_4k,lgb_class,4k,400,1.0,0.9283140045446241,0.9288461538461539,0.9273076923076923
lgb_class_expanded,lgb_class,expanded,800,1.0,0.927394660609421,0.9289743589743589,0.9280128205128204
cat_rank_4k,cat_rank,4k,400,0.75,0.9268212985827053,0.9223076923076923,0.9211538461538461
cat_rank_4k,cat_rank,4k,200,0.75,0.9253253571996245,0.9192948717948717,0.9192948717948717
prior_v3,prior,4k,120,0.0,0.9248068276709234,0.9215384615384615,0.921923076923077
cat_class_4k,cat_class,4k,800,1.0,0.9242457251832612,0.922628205128205,0.9248717948717948
cat_rank_expanded,cat_rank,expanded,200,1.0,0.9237533080757241,0.9191025641025641,0.9189102564102564
cat_rank_4k,cat_rank,4k,400,1.0,0.9231255266900893,0.9175641025641025,0.9164102564102563
lgb_class_4k,lgb_class,4k,800,1.0,0.9224642434494135,0.9229487179487179,0.921602564102564
cat_rank_4k,cat_rank,4k,200,1.0,0.9224504004399889,0.9154487179487178,0.9162179487179487
