feature,split_count,gain
baseline_score,194,523960.0835542679
log_baseline_rank,407,479297.6099882126
log_e5_geo_rank,544,128164.25600147247
body_token_coverage,212,58497.482325553894
log_distance_km,474,52830.52874660492
geo_compatibility,239,23367.443128585815
micro_compatibility,240,19610.360142707825
log_reviews,433,15710.290042877197
filter_bm25,356,14172.88638973236
body_idf_coverage,140,12957.301929473877
log_body_rank,271,9660.36597442627
log_description_characters,352,7234.637266159058
log_filter_characters,185,6991.758692741394
rating,206,5458.435336112976
log_e5_rank,208,5345.364321708679
e5_geo_affinity,142,5343.472135543823
log_params_characters,227,4445.222182273865
log_price,190,3804.1742582321167
log_title_characters,154,2888.439588546753
body_bm25,117,2661.7800369262695
title_idf_coverage,69,2565.3322649002075
title_bm25,71,2236.0109071731567
e5_cosine,102,2160.000457763672
query_characters,89,2017.7487859725952
log_title_rank,100,1899.2031259536743
char_tfidf,73,1799.4182291030884
log_char_rank,53,1031.2971296310425
title_token_coverage,30,803.7791929244995
query_tokens,24,652.538800239563
same_location,21,467.4245271682739
from_semantic_pool,13,464.040563583374
query_in_title,23,381.22350120544434
phone_hidden,19,276.9829034805298
messages_forbidden,16,231.98483753204346
rating_gap,6,83.99219989776611
query_equals_title,0,0.0
rating_required,0,0.0
from_lexical_pool,0,0.0
