kind,variant,weight,matched_recall50,unseen_macro,held_macro
ranker,deep,1.0,0.9597256528572226,0.9536029411764706,0.954485294117647
ranker,deep,0.3,0.9595896093849748,0.9553676470588235,0.9552205882352941
ranker,deep,0.75,0.9595017115346851,0.9541911764705883,0.9553676470588235
ranker,deep,0.5,0.9588457878594923,0.9541911764705883,0.9546323529411764
ranker,compact,0.75,0.9580101975512774,0.9533088235294118,0.9549264705882353
ranker,deep,0.15,0.9579716238728816,0.9533088235294118,0.9543382352941177
ranker,compact,0.5,0.95786060837558,0.9536029411764706,0.9543382352941177
baseline,none,0.0,0.9577905827668249,0.9527205882352942,0.9540441176470589
ranker,compact,0.3,0.9577265811949653,0.9524264705882353,0.9546323529411764
direct,none,0.025,0.9575561430393036,0.9527205882352942,0.9540441176470589
ranker,compact,1.0,0.9575464194818384,0.9524264705882353,0.95375
ranker,compact,0.15,0.957524297345047,0.9524264705882353,0.9540441176470589
direct,none,0.05,0.9562686816240944,0.9518382352941176,0.9531617647058823
direct,none,0.1,0.9557539214733699,0.9515441176470588,0.9536029411764706
