feature,gain
log_baseline_rank,2792056.7376194
baseline_score,662780.953546524
learned_log_geo_rank,305255.28337192535
log_distance_km,193783.07780456543
log_e5_geo_rank,157572.42535495758
body_token_coverage,116659.525349617
learned_geo,75800.46947574615
geo_transition_probability,66383.44198608398
log_reviews,57153.69817352295
geo_compatibility,42893.711886405945
geo_transition_log_support,40117.11172771454
log_body_rank,37389.34597206116
body_idf_coverage,33943.33076667786
filter_bm25,31979.077627182007
rating,23403.703406333923
log_description_characters,23010.543996810913
micro_compatibility,21043.51405620575
log_params_characters,20975.802596092224
log_filter_characters,17376.98382472992
log_price,16365.497935295105
log_title_characters,15274.270014762878
title_bm25,12504.2090883255
body_bm25,11361.745126724243
learned_log_cosine_rank,9848.109281539917
log_e5_rank,9076.03540802002
char_tfidf,8513.730876922607
e5_cosine,6574.81689453125
log_title_rank,6544.864292144775
log_char_rank,6390.61572933197
query_characters,6073.427202224731
title_idf_coverage,5734.6907386779785
learned_cosine_delta,4404.764410972595
learned_cosine,3254.2424125671387
title_token_coverage,2570.8124923706055
learned_geo_delta,2424.9437398910522
same_location,2375.5086631774902
e5_geo_affinity,1726.6121969223022
messages_forbidden,1312.793996810913
query_tokens,1192.5765008926392
query_in_title,1087.917700767517
phone_hidden,656.2305011749268
rating_gap,366.37839794158936
history_query_log_pairs,343.23249435424805
from_lexical_pool,21.061199188232422
query_equals_title,17.587799072265625
rating_required,0.0
geo_center_available,0.0
from_semantic_pool,0.0
history_query_top_micro_probability,0.0
history_query_micro_entropy,0.0
history_query_known,0.0
