search_query,search_infm_params_text,search_location_id,incumbent_recall50,selected_recall50,delta,geography_source,geography_confidence,positives
перенос газовой трубы в квартире,,642320,1.0,1.0,0.0,0.0,0.936684787273407,1
снег для свадебного танца,"Вид услуги Праздники, мероприятия",635730,1.0,1.0,0.0,1.0,0.8027226328849792,1
сделать печать штамп,Вид услуги,656350,1.0,1.0,0.0,0.0,0.9466472864151001,1
аэратор для газона в аренду,"Вид услуги Оборудование, производство",107621,1.0,1.0,0.0,1.0,0.8805197477340698,1
прокат ретро автомобилей,,653240,1.0,1.0,0.0,0.0,0.8973381519317627,1
монтаж забора из профнастила,"Тип услуги Ограждения, навесы, рольставни Вид услуги Сад, благоустройство",621585,1.0,1.0,0.0,0.0,0.945449948310852,1
гвоздезабивной пистолет аренда,,662210,1.0,1.0,0.0,0.0,0.95240318775177,1
аренда яхты с капитаном 15 человек,"Вид услуги Праздники, мероприятия",653240,1.0,1.0,0.0,0.0,0.8973381519317627,1
натяжные потолки установка,Вид услуги Ремонт и отделка,653240,1.0,1.0,0.0,0.0,0.8973381519317627,1
вывоз мусора мебель хлам,,644200,1.0,1.0,0.0,0.0,0.9442337155342102,1
плиткорез в аренду,"Вид услуги Оборудование, производство",107621,1.0,1.0,0.0,1.0,0.8805197477340698,1
тонирование автомобилей,"Тип услуги автосервиса Тюнинг и оборудование Вид услуги Автосервис, аренда Тип услуги Автосервис",659020,1.0,1.0,0.0,0.0,0.951725959777832,1
фотосессия в студии с фотографом,,637640,1.0,1.0,0.0,0.0,0.8748239278793335,1
вскрытие замков в квартире,Вид услуги Ремонт и отделка,650400,1.0,1.0,0.0,0.0,0.9412539005279541,1
газель открытая,Вид услуги Грузоперевозки,621630,1.0,1.0,0.0,0.0,0.9424701929092407,1
айфоны скупка тр,,637640,1.0,1.0,0.0,0.0,0.8748239278793335,1
инъектирование грунтов,,640860,1.0,1.0,0.0,0.0,0.9371318817138672,1
лестница дерево,Тип услуги Столярные и плотницкие работы Вид услуги Ремонт и отделка,652000,1.0,1.0,0.0,0.0,0.9356116056442261,1
остеопластика,"Вид услуги Красота, здоровье",653240,1.0,1.0,0.0,0.0,0.8973381519317627,1
вывоз мусора из квартиры,,637640,1.0,1.0,0.0,0.0,0.8748239278793335,1
аренда авто без лимита пробега,"Аренда авто Авто для личного использования Вид услуги Автосервис, аренда Тип услуги Аренда авто",107621,1.0,1.0,0.0,1.0,0.8805197477340698,1
ремонт гбц ваз,"Тип услуги автосервиса Диагностика и ремонт авто Вид услуги Автосервис, аренда Тип услуги Автосервис",625330,1.0,1.0,0.0,1.0,0.7530665993690491,1
установка тумбы под раковину,,107620,0.0,0.0,0.0,1.0,0.8198243379592896,1
бронирование телефона,Тип услуги Мобильные устройства Вид услуги Ремонт и обслуживание техники,634930,1.0,1.0,0.0,1.0,0.8557631373405457,1
замена подсветки телевизора,Тип услуги Телевизоры Вид услуги Ремонт и обслуживание техники,637640,1.0,1.0,0.0,0.0,0.8748239278793335,1
подстричь челку,"Тип услуги Услуги парикмахера Вид услуги Красота, здоровье",652430,1.0,1.0,0.0,0.0,0.94808030128479,1
дом с купелью,"Вид услуги Праздники, мероприятия",635320,1.0,1.0,0.0,0.0,0.9428577423095703,1
ремонт головки блока цилиндра,"Тип услуги автосервиса Диагностика и ремонт авто Вид услуги Автосервис, аренда Тип услуги Автосервис",636190,1.0,1.0,0.0,0.0,0.5114578604698181,1
кинотеатр для двоих,"Вид услуги Праздники, мероприятия",637640,1.0,1.0,0.0,0.0,0.8748239278793335,1
газель next аренда с выкупом,"Вид услуги Автосервис, аренда Тип услуги Аренда авто",621540,1.0,1.0,0.0,1.0,0.00033093011006712914,1
молель на педикюр,"Тип услуги Маникюр, педикюр Вид услуги Красота, здоровье",625810,1.0,1.0,0.0,0.0,0.9425949454307556,1
гос номера жирные,,107621,1.0,1.0,0.0,1.0,0.8805197477340698,1
куплю,,623880,0.0,0.0,0.0,0.0,0.9473305344581604,1
программист 1с,Вид услуги Деловые услуги Тип услуги,107620,1.0,1.0,0.0,1.0,0.8198243379592896,1
аренда крыши для свидания,,653240,1.0,1.0,0.0,0.0,0.8973381519317627,1
комплексный обед,,661420,1.0,1.0,0.0,0.0,0.9408352971076965,1
лофт на крыше,,107621,1.0,1.0,0.0,1.0,0.8805197477340698,1
врезка замков сао,Тип услуги Вид услуги Ремонт и отделка,637640,1.0,1.0,0.0,0.0,0.8748239278793335,1
день рождения на корабле,,653240,1.0,1.0,0.0,0.0,0.8973381519317627,1
серенада на праздники,,637640,1.0,1.0,0.0,0.0,0.8748239278793335,1
заправка фрионом холодильниковт18,"Тип услуги Холодильники, морозильные камеры Вид услуги Ремонт и обслуживание техники",637640,1.0,1.0,0.0,0.0,0.8748239278793335,1
установка сигнализации на авто,"Вид услуги Автосервис, аренда Тип услуги Автосервис",650400,1.0,1.0,0.0,0.0,0.9412539005279541,1
lamborghini аренда,,637640,1.0,1.0,0.0,0.0,0.8748239278793335,1
прием лома меди,Вид услуги Вывоз мусора и вторсырья,654070,1.0,1.0,0.0,0.0,0.9531822204589844,1
посевной газон,"Тип услуги Озеленение, уход за садом и огородом Участие в пилоте CPL Вид услуги Сад, благоустройство",656901,1.0,1.0,0.0,0.0,0.9555004239082336,1
юрист по пособиям по беременности,,637640,1.0,1.0,0.0,0.0,0.8748239278793335,1
продать антиквариат,,637640,1.0,1.0,0.0,0.0,0.8748239278793335,1
переезд грузчики разборка сборка мебели,,653240,1.0,1.0,0.0,0.0,0.8973381519317627,1
изготовление из дерева,Вид услуги Ремонт и отделка,637640,1.0,1.0,0.0,0.0,0.8748239278793335,1
прошивка опель,"Вид услуги Автосервис, аренда Тип услуги Автосервис",107620,0.0,0.0,0.0,1.0,0.8198243379592896,1
грузоперевозки митино,Срочная услуга (мультистатус) Сегодня Вид услуги Грузоперевозки,637640,1.0,1.0,0.0,0.0,0.8748239278793335,1
аренда резчик кровли,"Вид услуги Оборудование, производство Тип услуги Аренда оборудования",662210,1.0,1.0,0.0,0.0,0.95240318775177,1
вывоз еврокубов,Вид услуги Вывоз мусора и вторсырья,107620,0.0,0.0,0.0,1.0,0.8198243379592896,1
подборщик авто,,623880,1.0,1.0,0.0,0.0,0.9473305344581604,1
стиральная машина lg,Вид услуги Вывоз мусора и вторсырья,661420,1.0,1.0,0.0,0.0,0.9408352971076965,1
реставрация кухонных столешниц,,637640,1.0,1.0,0.0,0.0,0.8748239278793335,1
залить фундамент,Тип услуги Фундаментные и бетонные работы Вид услуги Строительство,637640,1.0,1.0,0.0,0.0,0.8748239278793335,1
написать отчет по практике,,659880,1.0,1.0,0.0,0.0,0.9063642621040344,1
парикмахер модель осветление,"Вид услуги Красота, здоровье",653240,1.0,1.0,0.0,0.0,0.8973381519317627,1
ремонт кислородного концентратора,,636160,1.0,1.0,0.0,0.0,0.9492136836051941,1
грузоперевозки липецк москва,Вид услуги Грузоперевозки,107620,0.0,0.0,0.0,1.0,0.8198243379592896,1
аренда а фрейм,"Вид услуги Праздники, мероприятия",653265,1.0,1.0,0.0,0.0,0.9514011740684509,1
ремонт телефонов oneplus,Вид услуги Ремонт и обслуживание техники,650400,1.0,1.0,0.0,0.0,0.9412539005279541,1
вызов мусора контейнер 8м3,Вид услуги Вывоз мусора и вторсырья,107620,1.0,1.0,0.0,1.0,0.8198243379592896,1
аренда вакуумного насоса для установки кондиционера,"Вид услуги Оборудование, производство",625810,1.0,1.0,0.0,0.0,0.9425949454307556,1
замена задней крышки iphone 15 pro max,Вид услуги Ремонт и обслуживание техники,637640,1.0,1.0,0.0,0.0,0.8748239278793335,1
модель на биоревитализацию,"Вид услуги Красота, здоровье",637640,1.0,1.0,0.0,0.0,0.8748239278793335,1
градобой,,655190,1.0,1.0,0.0,1.0,0.5582007169723511,1
стенды+указатели+изготовление,,107620,1.0,1.0,0.0,1.0,0.8198243379592896,1
аренда газели без водителя посуточно,"Аренда авто Авто для личного использования Вид услуги Автосервис, аренда Тип услуги Аренда авто",637640,1.0,1.0,0.0,0.0,0.8748239278793335,1
вскрытие дверных замков тушино,Тип услуги Вид услуги Ремонт и отделка,637640,1.0,1.0,0.0,0.0,0.8748239278793335,1
покраска мдф эмалью,,107620,1.0,1.0,0.0,1.0,0.8198243379592896,1
диплом купить,"Вид услуги Обучение, курсы",659540,1.0,1.0,0.0,1.0,0.8087731599807739,1
скупка и вывоз техники,,654070,1.0,1.0,0.0,0.0,0.9531822204589844,1
скупка рабочих стиральных машин,Вид услуги Вывоз мусора и вторсырья,637640,1.0,1.0,0.0,0.0,0.8748239278793335,1
стрижка туй,"Вид услуги Сад, благоустройство",632760,1.0,1.0,0.0,0.0,0.9390431642532349,1
таролог расклад онлайн,,107621,1.0,1.0,0.0,1.0,0.8805197477340698,1
автоключ,,637640,1.0,1.0,0.0,0.0,0.8748239278793335,1
удаление пигментации на лице,"Вид услуги Красота, здоровье",637640,1.0,1.0,0.0,0.0,0.8748239278793335,1
заклепочник аренда,"Вид услуги Оборудование, производство",636160,1.0,1.0,0.0,0.0,0.9492136836051941,1
восстановление файлов,,652000,1.0,1.0,0.0,0.0,0.9356116056442261,1
столярные работы по дереву,Тип услуги Столярные и плотницкие работы Вид услуги Ремонт и отделка,652000,1.0,1.0,0.0,0.0,0.9356116056442261,1
лестница алюминиевая в аренду,,646600,1.0,1.0,0.0,0.0,0.9510841965675354,1
грузоперевозки газель 5 метров,Вид услуги Грузоперевозки,650400,1.0,1.0,0.0,0.0,0.9412539005279541,1
фумигация короеда,Вид услуги,646600,1.0,1.0,0.0,0.0,0.9510841965675354,1
аренда беседки с теплым домиком,,641780,1.0,1.0,0.0,0.0,0.9449335932731628,1
замена дисплея айфон 13,Тип услуги Мобильные устройства Вид услуги Ремонт и обслуживание техники,637640,1.0,1.0,0.0,0.0,0.8748239278793335,1
настройка камер wildberries,,637640,1.0,1.0,0.0,0.0,0.8748239278793335,1
печать на пвх пластике,,653240,1.0,1.0,0.0,0.0,0.8973381519317627,1
скупка чугунных радиаторов,Вид услуги Вывоз мусора и вторсырья,647420,1.0,1.0,0.0,0.0,0.9603453874588013,1
афро косы мужские,,637640,1.0,1.0,0.0,0.0,0.8748239278793335,1
"изготовление дубликатов гос номеров новосибирск

450 ₽","Вид услуги Оборудование, производство",641780,1.0,1.0,0.0,0.0,0.9449335932731628,1
замена варочной панели,,637640,1.0,1.0,0.0,0.0,0.8748239278793335,1
гид на автомобиле,"Вид услуги Праздники, мероприятия",653240,1.0,1.0,0.0,0.0,0.8973381519317627,1
коворкинг для кератина,"Вид услуги Красота, здоровье",633540,1.0,1.0,0.0,0.0,0.9451214075088501,1
ремонт daewoo nexia,"Тип услуги автосервиса Диагностика и ремонт авто Вид услуги Автосервис, аренда Тип услуги Автосервис",653241,1.0,1.0,0.0,0.0,0.9358978271484375,1
гипсокартонные работы,Вид услуги Ремонт и отделка,107620,1.0,1.0,0.0,1.0,0.8198243379592896,1
курсовая работа экономика,"Вид услуги Обучение, курсы",637640,1.0,1.0,0.0,0.0,0.8748239278793335,1
ремонт аккумуляторной техники,,650400,1.0,1.0,0.0,0.0,0.9412539005279541,1
стрижка собак северный район,Вид услуги Уход за животными,625810,1.0,1.0,0.0,0.0,0.9425949454307556,1
специалист 1с,,621540,1.0,1.0,0.0,1.0,0.00033093011006712914,1
демонтаж чугунной ванны,Вид услуги Вывоз мусора и вторсырья,641780,1.0,1.0,0.0,0.0,0.9449335932731628,1
ремонт бензиновых форсунок,"Вид услуги Автосервис, аренда",625810,1.0,1.0,0.0,0.0,0.9425949454307556,1
исготовление стекла в дверь,Вид услуги Ремонт и отделка,637640,1.0,1.0,0.0,0.0,0.8748239278793335,1
аренда крыши,"Вид услуги Праздники, мероприятия",653240,1.0,1.0,0.0,0.0,0.8973381519317627,1
доставка груза из финляндии,,653240,1.0,1.0,0.0,0.0,0.8973381519317627,1
мелирование на дому,"Тип услуги Услуги парикмахера Вид услуги Красота, здоровье",653240,1.0,1.0,0.0,0.0,0.8973381519317627,1
аренда авто для личного пользования,"Вид услуги Автосервис, аренда Тип услуги Аренда авто",650400,1.0,1.0,0.0,0.0,0.9412539005279541,1
индивидуальная экскурсия на минивэне,"Вид услуги Праздники, мероприятия",653240,1.0,1.0,0.0,0.0,0.8973381519317627,1
установка приложений танк 500,"Вид услуги Автосервис, аренда Тип услуги Автосервис",653240,1.0,1.0,0.0,0.0,0.8973381519317627,1
расклад на таро,"Тип услуги Другое Вид услуги Обучение, курсы",107621,1.0,1.0,0.0,1.0,0.8805197477340698,1
аренда бмв 5,,653240,1.0,1.0,0.0,0.0,0.8973381519317627,1
скупка нерабочих телевизоров,,642870,1.0,1.0,0.0,0.0,0.13097362220287323,1
скупка компьютеров с выездом,Вид услуги,107621,1.0,1.0,0.0,1.0,0.8805197477340698,1
уничтожение насекомых,,661420,1.0,1.0,0.0,0.0,0.9408352971076965,1
фотограф tfp,Вид услуги Фото- и видеосъёмка,653240,1.0,1.0,0.0,0.0,0.8973381519317627,1
шлифовальная машина жираф,"Вид услуги Оборудование, производство",625390,1.0,1.0,0.0,0.0,0.9547402858734131,1
покраска изделий из дерева,,637640,1.0,1.0,0.0,0.0,0.8748239278793335,1
игольчатый рф лифтинг,"Вид услуги Красота, здоровье",637640,1.0,1.0,0.0,0.0,0.8748239278793335,1
инструмент в аренду ленинский район,"Вид услуги Оборудование, производство",661420,1.0,1.0,0.0,0.0,0.9408352971076965,1
передержка маленьких собак,Вид услуги Уход за животными,623430,1.0,1.0,0.0,0.0,0.9622023701667786,1
швонарезчик,"Вид услуги Оборудование, производство",646600,1.0,1.0,0.0,0.0,0.9510841965675354,1
заберу холодильник,Вид услуги Вывоз мусора и вторсырья,624480,1.0,1.0,0.0,0.0,0.9335144758224487,1
сдать сломанный телефон,,648630,1.0,1.0,0.0,0.0,0.9422150254249573,1
рилс мейкер,Вид услуги Фото- и видеосъёмка,107620,1.0,1.0,0.0,1.0,0.8198243379592896,1
ремонт студий под ключ,,637640,1.0,1.0,0.0,0.0,0.8748239278793335,1
трансфер в аэропорт домодедово,Вид услуги Пассажирские перевозки,658080,1.0,1.0,0.0,0.0,0.956608235836029,1
починить 3d принтер,,637640,1.0,1.0,0.0,0.0,0.8748239278793335,1
шлифовальная машина в аренду,"Вид услуги Оборудование, производство",650400,1.0,1.0,0.0,0.0,0.9412539005279541,1
точечная сварка,,633540,1.0,1.0,0.0,0.0,0.9451214075088501,1
вывоз металлолома из квартиры,,640860,1.0,1.0,0.0,0.0,0.9371318817138672,1
компьютерный лом,,621540,1.0,1.0,0.0,1.0,0.00033093011006712914,1
катание на роликах,"Тип услуги Дизайн, рисование Вид услуги Обучение, курсы",658080,1.0,1.0,0.0,0.0,0.956608235836029,1
бензопила на прокат,,650400,1.0,1.0,0.0,0.0,0.9412539005279541,1
репетитор физика егэ,,659020,1.0,1.0,0.0,0.0,0.951725959777832,1
компьютерная помощь удаленно,,637640,0.0,0.0,0.0,0.0,0.8748239278793335,1
вывоз металлических дверей бесплатно,Вид услуги Вывоз мусора и вторсырья,653240,1.0,1.0,0.0,0.0,0.8973381519317627,1
передержка грызунов,Вид услуги Уход за животными,637640,1.0,1.0,0.0,0.0,0.8748239278793335,1
реставрация чугунных ванн,,637640,1.0,1.0,0.0,0.0,0.8748239278793335,1
манипулятор с полуприцепом,,639440,1.0,1.0,0.0,0.0,0.9481003880500793,1
заточка ножей от газонокосилки,,628500,1.0,1.0,0.0,0.0,0.9591159820556641,1
проводной интернет в частный дом,,643560,1.0,1.0,0.0,0.0,0.946263313293457,1
ремонт двигателя с выездом,"Вид услуги Автосервис, аренда",653241,1.0,1.0,0.0,0.0,0.9358978271484375,1
услуги каменщика,Вид услуги Строительство,640360,1.0,1.0,0.0,0.0,0.774853527545929,1
манипулятор 3 тонны,,661420,1.0,1.0,0.0,0.0,0.9408352971076965,1
гелий баллон,"Вид услуги Праздники, мероприятия",638130,1.0,1.0,0.0,0.0,0.8860451579093933,1
мотаж панелей,,637640,1.0,1.0,0.0,0.0,0.8748239278793335,1
жираф,"Вид услуги Оборудование, производство",631870,1.0,1.0,0.0,0.0,0.9580802321434021,1
дипломная работа на заказ,"Вид услуги Обучение, курсы",659880,1.0,1.0,0.0,0.0,0.9063642621040344,1
ремонт межкомнатных дверей со стеклом,Вид услуги Ремонт и отделка,654070,1.0,1.0,0.0,0.0,0.9531822204589844,1
профнастил,,650400,1.0,1.0,0.0,0.0,0.9412539005279541,1
экскурсия пр питеру,"Чем вы занимаетесь Организация отдыха Вид услуги Праздники, мероприятия",653240,0.0,0.0,0.0,0.0,0.8973381519317627,1
восстановить номер рамы,,625330,1.0,1.0,0.0,1.0,0.7530665993690491,1
резчик швов аренда,"Вид услуги Оборудование, производство",631870,1.0,1.0,0.0,0.0,0.9580802321434021,1
перевозка мелких грузов,,652430,1.0,1.0,0.0,0.0,0.94808030128479,1
няня с медицинским образованием,,653240,1.0,1.0,0.0,0.0,0.8973381519317627,1
лазы монтерские,"Вид услуги Оборудование, производство",646600,1.0,1.0,0.0,0.0,0.9510841965675354,1
сход развал волга,"Тип услуги автосервиса Диагностика и ремонт авто Вид услуги Автосервис, аренда Тип услуги Автосервис",640860,1.0,1.0,0.0,0.0,0.9371318817138672,1
экскурсия анапа,,633540,1.0,1.0,0.0,0.0,0.9451214075088501,1
аккумуляторный перфоратор аренда,"Вид услуги Оборудование, производство",646600,1.0,1.0,0.0,0.0,0.9510841965675354,1
филлеры в нос,"Вид услуги Красота, здоровье",656901,1.0,1.0,0.0,0.0,0.9555004239082336,1
парикмахер корейские стрижки,"Кто оказывает услуги Женщина Специальность или сфера Стрижка, окрашивание, укладка Тип услуги Услуги парикмахера Вид услуги Красота, здоровье",637640,1.0,1.0,0.0,0.0,0.8748239278793335,1
ремонт электромясорубок,Вид услуги Ремонт и обслуживание техники,652000,1.0,1.0,0.0,0.0,0.9356116056442261,1
детектор лжи проверка,"Вид услуги Охрана, безопасность",640860,1.0,1.0,0.0,0.0,0.9371318817138672,1
фотосессия модель,,653240,1.0,1.0,0.0,0.0,0.8973381519317627,1
3д модель персонажа,,637640,1.0,1.0,0.0,0.0,0.8748239278793335,1
диагностика магнитолы,,107620,1.0,1.0,0.0,1.0,0.8198243379592896,1
ремонт квартир под ключ новостройки,,659020,1.0,1.0,0.0,0.0,0.951725959777832,1
перевод чертежей в электронный вид,,637640,1.0,1.0,0.0,0.0,0.8748239278793335,1
покраска рамы мотоцикла,,637640,1.0,1.0,0.0,0.0,0.8748239278793335,1
миксер строительный аренда,"Вид услуги Оборудование, производство",653040,1.0,1.0,0.0,0.0,0.9340453743934631,1
адвокат по уголовным делам,Вид услуги Деловые услуги Тип услуги Юридические услуги,107621,0.0,0.0,0.0,1.0,0.8805197477340698,1
ремонт насос форсунок volkswagen,,637640,1.0,1.0,0.0,0.0,0.8748239278793335,1
шиномонтаж  мото,,644200,1.0,1.0,0.0,0.0,0.9442337155342102,1
публикация в app store,,637640,1.0,1.0,0.0,0.0,0.8748239278793335,1
зубы собаке,Вид услуги Уход за животными,638520,1.0,1.0,0.0,0.0,0.9332311749458313,1
мяу лофт,"Вид услуги Праздники, мероприятия",662210,1.0,1.0,0.0,0.0,0.95240318775177,1
гальваника хромирование,,637640,1.0,1.0,0.0,0.0,0.8748239278793335,1
быстрое наращивание ресниц,"Тип услуги Ресницы, брови Вид услуги Красота, здоровье",653240,1.0,1.0,0.0,0.0,0.8973381519317627,1
автовоз из  москвы в калининград,Вид услуги Грузоперевозки,107620,1.0,1.0,0.0,1.0,0.8198243379592896,1
смена замков на двери,Кто оказывает услуги Частный исполнитель Вид услуги Ремонт и отделка,640860,1.0,1.0,0.0,0.0,0.9371318817138672,1
романтическое свидание с джакузи и,,637640,1.0,1.0,0.0,0.0,0.8748239278793335,1
разговор по душам,,621540,1.0,1.0,0.0,1.0,0.00033093011006712914,1
вскрыть замок авто,Тип услуги Вид услуги Ремонт и отделка,640310,1.0,1.0,0.0,1.0,0.8866358995437622,1
карлики на праздник,,637640,1.0,1.0,0.0,0.0,0.8748239278793335,1
прокат электроинструмента,"Вид услуги Оборудование, производство",646600,1.0,1.0,0.0,0.0,0.9510841965675354,1
ремонт электронных часов,Вид услуги Бытовые услуги,653240,1.0,1.0,0.0,0.0,0.8973381519317627,1
разблокировка телефона android,,653240,1.0,1.0,0.0,0.0,0.8973381519317627,1
ремонт котлов протерм,,623430,1.0,1.0,0.0,0.0,0.9622023701667786,1
поменять корпус на iphone,Тип услуги Мобильные устройства Вид услуги Ремонт и обслуживание техники,650400,1.0,1.0,0.0,0.0,0.9412539005279541,1
газель тент,,626320,1.0,1.0,0.0,0.0,0.888241708278656,1
ремонт телефонов редми,,650400,1.0,1.0,0.0,0.0,0.9412539005279541,1
обивка двери входной,,637640,1.0,1.0,0.0,0.0,0.8748239278793335,1
утепление оконных откосов,Вид услуги Ремонт и отделка,637640,1.0,1.0,0.0,0.0,0.8748239278793335,1
шары на гендер пати,,650400,1.0,1.0,0.0,0.0,0.9412539005279541,1
лфк на дому,,107620,1.0,1.0,0.0,1.0,0.8198243379592896,1
скулы,"Вид услуги Красота, здоровье",640860,1.0,1.0,0.0,0.0,0.9371318817138672,1
грузоперевозки с легковым прицепом,Кто оказывает услуги Частный исполнитель,642790,1.0,1.0,0.0,0.0,0.9476578831672668,1
горячее цинкование металла услуги,,107620,1.0,1.0,0.0,1.0,0.8198243379592896,1
услуги кадастрового инженера,Вид услуги Деловые услуги Тип услуги,623430,1.0,1.0,0.0,0.0,0.9622023701667786,1
ветеринар на дому,Вид услуги Уход за животными,637640,1.0,1.0,0.0,0.0,0.8748239278793335,1
фотостудия черный цвет,,653240,1.0,1.0,0.0,0.0,0.8973381519317627,1
гипсокартон потолок,,107620,1.0,1.0,0.0,1.0,0.8198243379592896,1
реставрация деревянной мебели,Тип услуги Сборка и ремонт мебели Вид услуги Ремонт и отделка,637640,1.0,1.0,0.0,0.0,0.8748239278793335,1
карта российского банка,,107620,1.0,1.0,0.0,1.0,0.8198243379592896,1
капать участок с трактром,"Тип услуги Земляные работы Вид услуги Сад, благоустройство",661420,1.0,1.0,0.0,0.0,0.9408352971076965,1
аэратор для газона,,642790,1.0,1.0,0.0,0.0,0.9476578831672668,1
замена аккумулятора iphone xr,,641780,1.0,1.0,0.0,0.0,0.9449335932731628,1
няня для новорожденного,"Вид услуги Няни, сиделки",652000,1.0,1.0,0.0,0.0,0.9356116056442261,1
установка доп оборудования,"Тип услуги автосервиса Тюнинг и оборудование Вид услуги Автосервис, аренда Тип услуги Автосервис",653240,1.0,1.0,0.0,0.0,0.8973381519317627,1
оклейка авто под такси,,639180,1.0,1.0,0.0,0.0,0.9564507603645325,1
все пикапы,Вид услуги Грузоперевозки,653140,1.0,1.0,0.0,0.0,0.9309101104736328,1
установка microsoft office,Тип услуги ОС и программы Вид услуги Компьютерная помощь,107620,1.0,1.0,0.0,1.0,0.8198243379592896,1
экскурсовод с авто,,630090,1.0,1.0,0.0,0.0,0.9578823447227478,1
кулинарный мастер класс,"Вид услуги Праздники, мероприятия",107621,1.0,1.0,0.0,1.0,0.8805197477340698,1
снять домик афрейм,,642320,1.0,1.0,0.0,0.0,0.936684787273407,1
фотостудия винтаж,,637640,0.0,0.0,0.0,0.0,0.8748239278793335,1
вкр диплом,"Вид услуги Обучение, курсы",659880,1.0,1.0,0.0,0.0,0.9063642621040344,1
рабочий выкопать яму,,632660,1.0,1.0,0.0,1.0,0.8902449011802673,1
кодирование фар мерседес,,637640,1.0,1.0,0.0,0.0,0.8748239278793335,1
предпродажная мойка и химчистка авто,,637640,1.0,1.0,0.0,0.0,0.8748239278793335,1
свадебная машина с водителем,Вид услуги Пассажирские перевозки,633540,1.0,1.0,0.0,0.0,0.9451214075088501,1
скупка дисков авто,,637640,1.0,1.0,0.0,0.0,0.8748239278793335,1
литий ионные аккумуляторы прием,,633540,1.0,1.0,0.0,0.0,0.9451214075088501,1
прокачу на мотоцикле,,621540,1.0,1.0,0.0,1.0,0.00033093011006712914,1
снять яхту,"Вид услуги Праздники, мероприятия",653240,1.0,1.0,0.0,0.0,0.8973381519317627,1
аренда авто для личного пользования посуточно,"Вид услуги Автосервис, аренда Тип услуги Аренда авто",640160,1.0,1.0,0.0,0.0,0.9487560391426086,1
юрист по семейным разводам,Вид услуги Деловые услуги Тип услуги Юридические услуги,637640,1.0,1.0,0.0,0.0,0.8748239278793335,1
диагностика дымогенератором,,107620,1.0,1.0,0.0,1.0,0.8198243379592896,1
фотосессии,,637640,1.0,1.0,0.0,0.0,0.8748239278793335,1
прошивка блока фары vag,,107620,1.0,1.0,0.0,1.0,0.8198243379592896,1
снятие ногтей,"Тип услуги Маникюр, педикюр Вид услуги Красота, здоровье",653240,1.0,1.0,0.0,0.0,0.8973381519317627,1
фундамент из блоков,Тип услуги Фундаментные и бетонные работы Вид услуги Строительство,107620,1.0,1.0,0.0,1.0,0.8198243379592896,1
реставрация столешниц из камня,,107620,1.0,1.0,0.0,1.0,0.8198243379592896,1
ремонт электрических варочных панелей,Вид услуги Ремонт и обслуживание техники,637640,1.0,1.0,0.0,0.0,0.8748239278793335,1
компрессор воздушный аренда,"Вид услуги Оборудование, производство",650400,1.0,1.0,0.0,0.0,0.9412539005279541,1
"московская область пушкино, красноармейск, удаление кустарника","Тип услуги Озеленение, уход за садом и огородом Вид услуги Сад, благоустройство",637640,1.0,1.0,0.0,0.0,0.8748239278793335,1
информатика помощь,"Вид услуги Обучение, курсы",621540,0.0,0.0,0.0,1.0,0.00033093011006712914,1
сертификат соответствия озон,Вид услуги Деловые услуги,637640,1.0,1.0,0.0,0.0,0.8748239278793335,1
ремонт приборной панели автомобиля,"Тип услуги автосервиса Диагностика и ремонт авто Вид услуги Автосервис, аренда Тип услуги Автосервис",637640,1.0,1.0,0.0,0.0,0.8748239278793335,1
аренда mercedes sprinter с водителем,,107620,0.0,0.0,0.0,1.0,0.8198243379592896,1
выкуп вещей,Вид услуги,638150,0.0,0.0,0.0,0.0,0.9494033455848694,1
беседка для свадьбы,,637640,0.0,0.0,0.0,0.0,0.8748239278793335,1
скупка бу холодильников,Вид услуги Вывоз мусора и вторсырья,637640,1.0,1.0,0.0,0.0,0.8748239278793335,1
скупка стиральных машин одинцово,Вид услуги Вывоз мусора и вторсырья,621540,1.0,1.0,0.0,1.0,0.00033093011006712914,1
аренда строительного пылесоса с доставкой,"Вид услуги Оборудование, производство",635320,1.0,1.0,0.0,0.0,0.9428577423095703,1
замена ручки ножа,,637640,1.0,1.0,0.0,0.0,0.8748239278793335,1
садовый измельчитель аренда,,646600,1.0,1.0,0.0,0.0,0.9510841965675354,1
услуги химчистки мебели и ковров,Вид услуги Уборка,637640,1.0,1.0,0.0,0.0,0.8748239278793335,1
купание собак,Вид услуги Уход за животными,658080,1.0,1.0,0.0,0.0,0.956608235836029,1
вывоз газовой колонки,Вид услуги Вывоз мусора и вторсырья,624480,1.0,1.0,0.0,0.0,0.9335144758224487,1
ремонт вентилятора охлаждения двигателя,,659020,1.0,1.0,0.0,0.0,0.951725959777832,1
mercari выкуп,,637640,1.0,1.0,0.0,0.0,0.8748239278793335,1
автоэлектрик mazda,"Тип услуги автосервиса Диагностика и ремонт авто Марка авто Mazda Вид услуги Автосервис, аренда Тип услуги Автосервис",638790,1.0,1.0,0.0,0.0,0.9332531690597534,1
брейды модель,"Вид услуги Красота, здоровье",637640,1.0,1.0,0.0,0.0,0.8748239278793335,1
банковская карта,,634450,1.0,1.0,0.0,0.0,0.9429033398628235,1
архитектура бровей модель,"Вид услуги Красота, здоровье",637640,1.0,1.0,0.0,0.0,0.8748239278793335,1
мелирование аир тач,,625390,1.0,1.0,0.0,0.0,0.9547402858734131,1
треугольный дом аренда,"Вид услуги Праздники, мероприятия",631870,1.0,1.0,0.0,0.0,0.9580802321434021,1
ремонт oneplus,,650400,1.0,1.0,0.0,0.0,0.9412539005279541,1
опрыскиватель аренда,,650400,1.0,1.0,0.0,0.0,0.9412539005279541,1
маляр авто,"Вид услуги Автосервис, аренда",650400,1.0,1.0,0.0,0.0,0.9412539005279541,1
снять лофт с верандой,"Вид услуги Праздники, мероприятия",107620,1.0,1.0,0.0,1.0,0.8198243379592896,1
фотостудия автопортрета,,653240,1.0,1.0,0.0,0.0,0.8973381519317627,1
шарики надувные с гелием,"Вид услуги Праздники, мероприятия",637640,1.0,1.0,0.0,0.0,0.8748239278793335,1
ремонт задней крышки iphone 13 про,Тип услуги Мобильные устройства Вид услуги Ремонт и обслуживание техники,107620,1.0,1.0,0.0,1.0,0.8198243379592896,1
скрипка на праздник,"Вид услуги Праздники, мероприятия",637640,1.0,1.0,0.0,0.0,0.8748239278793335,1
взять деньги в долг под расписку у частного лица,Вид услуги Деловые услуги,621540,1.0,1.0,0.0,1.0,0.00033093011006712914,1
триммер бензиновый в аренду,"Вид услуги Оборудование, производство",646600,0.0,0.0,0.0,0.0,0.9510841965675354,1
скупка и вывоз чугунной ванны,,641780,1.0,1.0,0.0,0.0,0.9449335932731628,1
ручная копка земли,"Тип услуги Земляные работы Вид услуги Сад, благоустройство",631870,1.0,1.0,0.0,0.0,0.9580802321434021,1
резка плит перекрытия,,653241,1.0,1.0,0.0,0.0,0.9358978271484375,1
установка входных дверей недорого,Вид услуги Ремонт и отделка,652000,1.0,1.0,0.0,0.0,0.9356116056442261,1
установка 1с бухгалтерия,,621540,1.0,1.0,0.0,1.0,0.00033093011006712914,1
старая стиральная машина,Вид услуги Вывоз мусора и вторсырья,661420,1.0,1.0,0.0,0.0,0.9408352971076965,2
"грузоперевозка мск 2,7",,653240,1.0,1.0,0.0,0.0,0.8973381519317627,1
бур в аренду,"Вид услуги Оборудование, производство",650510,1.0,1.0,0.0,0.0,0.9613726139068604,1
строительный пылесос аренда,"Вид услуги Оборудование, производство",650510,1.0,1.0,0.0,0.0,0.9613726139068604,1
автомобильные номера,"Вид услуги Оборудование, производство",628970,1.0,1.0,0.0,0.0,0.9448119401931763,1
наращивание ногтей на дому,"Онлайн-запись Тип услуги Маникюр, педикюр Вид услуги Красота, здоровье",107621,0.0,0.0,0.0,1.0,0.8805197477340698,1
подготовка стен под штукатурку,,653240,1.0,1.0,0.0,0.0,0.8973381519317627,1
скупка батареек,,637640,1.0,1.0,0.0,0.0,0.8748239278793335,1
3д моделирование,,637640,1.0,1.0,0.0,0.0,0.8748239278793335,1
свой человек в турции,,621540,1.0,1.0,0.0,1.0,0.00033093011006712914,1
фотокнига на заказ,,637640,1.0,1.0,0.0,0.0,0.8748239278793335,1
вывоз газовых плит,Вид услуги Вывоз мусора и вторсырья,661420,1.0,1.0,0.0,0.0,0.9408352971076965,1
фотограф для маркетплейсов,Вид услуги Фото- и видеосъёмка,637640,0.0,0.0,0.0,0.0,0.8748239278793335,1
изготовление номера на машину,"Вид услуги Оборудование, производство",661420,1.0,1.0,0.0,0.0,0.9408352971076965,1
реставрация кухонного гарнитура,,637640,0.0,0.0,0.0,0.0,0.8748239278793335,1
аренда микроавтобуса на свадьбу,,625390,1.0,1.0,0.0,0.0,0.9547402858734131,1
ремонт акустических колонок,,646600,1.0,1.0,0.0,0.0,0.9510841965675354,1
женский круг,,637640,1.0,1.0,0.0,0.0,0.8748239278793335,1
ремонт геймпадов ps5,,661420,1.0,1.0,0.0,0.0,0.9408352971076965,2
приемка квартир москва,,637640,1.0,1.0,0.0,0.0,0.8748239278793335,1
мебель на заказ не дорого,,637640,1.0,0.0,-1.0,0.0,0.8748239278793335,1
предложение руки и сердца на яхте,"Вид услуги Праздники, мероприятия",653240,1.0,1.0,0.0,0.0,0.8973381519317627,1
торт с фото,,637640,1.0,1.0,0.0,0.0,0.8748239278793335,1
загранпаспорт срочно,Вид услуги,637770,1.0,1.0,0.0,0.0,0.9315366148948669,1
прием лома алюминия цены,,654070,1.0,1.0,0.0,0.0,0.9531822204589844,1
скупка неисправных стиральных машин,,107620,1.0,1.0,0.0,1.0,0.8198243379592896,1
дезинсекция от клопов,Вид услуги,637640,1.0,1.0,0.0,0.0,0.8748239278793335,1
чан,"Вид услуги Праздники, мероприятия",662210,1.0,1.0,0.0,0.0,0.95240318775177,1
ремонт инвалидных колясок,,661420,1.0,1.0,0.0,0.0,0.9408352971076965,1
ремонт акб,Тип услуги Другое Вид услуги Ремонт и обслуживание техники,641270,1.0,1.0,0.0,0.0,0.9416894316673279,1
права тракториста,"Вид услуги Обучение, курсы",651440,1.0,1.0,0.0,0.0,0.503755509853363,1
укладка кафеля,Тип услуги Плиточные работы Вид услуги Ремонт и отделка,661420,1.0,1.0,0.0,0.0,0.9408352971076965,1
коррекция наращивание волос,"Тип услуги Услуги парикмахера Вид услуги Красота, здоровье",637640,1.0,1.0,0.0,0.0,0.8748239278793335,1
реставрация кожаных сумок,Вид услуги Бытовые услуги Тип услуги Пошив и ремонт одежды,637640,1.0,1.0,0.0,0.0,0.8748239278793335,1
прошивка эбу газель,"Тип услуги автосервиса Тюнинг и оборудование Вид услуги Автосервис, аренда Тип услуги Автосервис",659880,1.0,1.0,0.0,0.0,0.9063642621040344,1
компьютерная диагностика авто,,625810,1.0,1.0,0.0,0.0,0.9425949454307556,1
ии видео,Вид услуги Фото- и видеосъёмка,107621,1.0,1.0,0.0,1.0,0.8805197477340698,1
юрист по трудовому праву,Вид услуги Деловые услуги Тип услуги Юридические услуги,623110,1.0,1.0,0.0,1.0,0.8589454889297485,1
товары из китая оптом,,107621,1.0,1.0,0.0,1.0,0.8805197477340698,1
скупка сломанных стиральных машин,,107620,1.0,1.0,0.0,1.0,0.8198243379592896,1
изготовление баннеров,Вид услуги,107621,1.0,1.0,0.0,1.0,0.8805197477340698,1
продажа лом черных металлов,Вид услуги Вывоз мусора и вторсырья,641780,1.0,1.0,0.0,0.0,0.9449335932731628,1
тренер по конному спорту,,107620,1.0,1.0,0.0,1.0,0.8198243379592896,1
осмотр автомобиля,"Тип услуги автосервиса Помощь при покупке авто Вид услуги Автосервис, аренда Тип услуги Автосервис",623840,1.0,1.0,0.0,1.0,0.8081552386283875,1
бокс,"Вид услуги Обучение, курсы",653240,1.0,1.0,0.0,0.0,0.8973381519317627,1
ремонт сумок louis vuitton,,637640,1.0,1.0,0.0,0.0,0.8748239278793335,1
строительство фундамента,Тип услуги Фундаментные и бетонные работы Чем вы занимаетесь Фундаментные работы Вид услуги Строительство,637640,1.0,0.0,-1.0,0.0,0.8748239278793335,1
аниматоры на выписку из роддома,"Вид услуги Праздники, мероприятия",637640,1.0,1.0,0.0,0.0,0.8748239278793335,1
скупка пластика,Вид услуги Вывоз мусора и вторсырья,637640,1.0,1.0,0.0,0.0,0.8748239278793335,1
газель и грузчики приморск ц оайон,,653240,1.0,1.0,0.0,0.0,0.8973381519317627,1
декларация для доходов на физических лиц,Вид услуги Деловые услуги,637640,1.0,1.0,0.0,0.0,0.8748239278793335,1
прокат на лошади,"Вид услуги Обучение, курсы",650400,1.0,1.0,0.0,0.0,0.9412539005279541,1
скупка и ремонт бытовой техники,,654070,1.0,1.0,0.0,0.0,0.9531822204589844,1
автокран 50т,,652000,1.0,1.0,0.0,0.0,0.9356116056442261,1
установка батарей отопления,Тип услуги Сантехника Вид услуги Ремонт и отделка,637640,1.0,1.0,0.0,0.0,0.8748239278793335,1
сдать макулатуру,Вид услуги Вывоз мусора и вторсырья,637640,1.0,1.0,0.0,0.0,0.8748239278793335,1
копка земли вручную,"Вид услуги Сад, благоустройство",662210,1.0,1.0,0.0,0.0,0.95240318775177,1
русификация автомобиля,"Тип услуги автосервиса Тюнинг и оборудование Вид услуги Автосервис, аренда Тип услуги Автосервис",628970,1.0,1.0,0.0,0.0,0.9448119401931763,1
восстановление руля,,623430,1.0,1.0,0.0,0.0,0.9622023701667786,1
хранение колес,,637640,1.0,1.0,0.0,0.0,0.8748239278793335,1
алмазное бурение аренда,"Вид услуги Оборудование, производство",659880,1.0,1.0,0.0,0.0,0.9063642621040344,1
дератизация,,661420,1.0,1.0,0.0,0.0,0.9408352971076965,1
ремонт телефонов samsung замена экрана дисплея,Вид услуги Ремонт и обслуживание техники,107620,1.0,1.0,0.0,1.0,0.8198243379592896,1
ремонт ламината без разбора пола,Вид услуги Ремонт и отделка,107620,1.0,1.0,0.0,1.0,0.8198243379592896,1
ломбард скупка техники,,641780,1.0,1.0,0.0,0.0,0.9449335932731628,1
услуги грузчиков на час,"Вид услуги Грузчики, складские услуги",640160,1.0,1.0,0.0,0.0,0.9487560391426086,1
отключение иммобилайзера,,637640,1.0,1.0,0.0,0.0,0.8748239278793335,1
замена задней крышки iphone 14 pro max,Тип услуги Мобильные устройства Вид услуги Ремонт и обслуживание техники,661420,1.0,1.0,0.0,0.0,0.9408352971076965,1
реставрация мойки из искусственного камня,,637640,1.0,1.0,0.0,0.0,0.8748239278793335,1
настройка тв приставки,,643560,1.0,1.0,0.0,0.0,0.946263313293457,1
бур аренда,,646600,1.0,1.0,0.0,0.0,0.9510841965675354,1
скупка неликвидов,,621540,1.0,1.0,0.0,1.0,0.00033093011006712914,1
отдых на беле,"Вид услуги Праздники, мероприятия",650890,1.0,1.0,0.0,1.0,0.7929152846336365,1
smm специалист продвижение актеров,Вид услуги Деловые услуги,637640,1.0,1.0,0.0,0.0,0.8748239278793335,1
ремонт ламината без разбора,,107620,1.0,1.0,0.0,1.0,0.8198243379592896,1
выкуп скупка вывоз стиральных машин,,637640,1.0,1.0,0.0,0.0,0.8748239278793335,1
аренда домика в лесу посуточно,,631870,1.0,1.0,0.0,0.0,0.9580802321434021,1
аренда авто на свадьбу 7 мест,,630410,1.0,1.0,0.0,0.0,0.9649967551231384,1
ремонт генератора,"Вид услуги Автосервис, аренда Тип услуги Автосервис",637640,1.0,1.0,0.0,0.0,0.8748239278793335,1
укладка пола на балконе,,653240,1.0,1.0,0.0,0.0,0.8973381519317627,1
прием отходов стеклопакета,,637640,0.0,0.0,0.0,0.0,0.8748239278793335,1
вывоз и утилизация пианино,,637640,1.0,1.0,0.0,0.0,0.8748239278793335,1
модель на ногти,"Поиск по слотам Сегодня Поиск по слотам Завтра Тип услуги Маникюр, педикюр Вид услуги Красота, здоровье",637640,1.0,1.0,0.0,0.0,0.8748239278793335,1
аренда электровелосипела,,653240,1.0,1.0,0.0,0.0,0.8973381519317627,1
перегородки гкл,Вид услуги Ремонт и отделка,637640,1.0,1.0,0.0,0.0,0.8748239278793335,1
помощник в огород,,643560,1.0,1.0,0.0,0.0,0.946263313293457,1
автоэлектрик opel,"Тип услуги автосервиса Диагностика и ремонт авто Вид услуги Автосервис, аренда Тип услуги Автосервис",653241,1.0,1.0,0.0,0.0,0.9358978271484375,1
скупка  клавиатур,Вид услуги,107620,1.0,1.0,0.0,1.0,0.8198243379592896,1
прокат лобзика,,635320,1.0,1.0,0.0,0.0,0.9428577423095703,1
ремонт приборной панели infiniti,,637640,1.0,1.0,0.0,0.0,0.8748239278793335,1
сантехник установка раковины смесителя,,637640,1.0,1.0,0.0,0.0,0.8748239278793335,1
прокол поделюсение воды,,641510,1.0,1.0,0.0,0.0,0.9075339436531067,1
коворкинг кератин,"Вид услуги Красота, здоровье",637640,1.0,1.0,0.0,0.0,0.8748239278793335,1
ремонт камеры заднего вида,,637640,0.0,0.0,0.0,0.0,0.8748239278793335,1
ваше лицо 3д,Вид услуги Искусство,107620,1.0,1.0,0.0,1.0,0.8198243379592896,1
экспертиза оценка,,107620,0.0,0.0,0.0,1.0,0.8198243379592896,1
перетяжка стульев на дому,Тип услуги Сборка и ремонт мебели Вид услуги Ремонт и отделка,642320,1.0,1.0,0.0,0.0,0.936684787273407,1
печать на плоттере,Вид услуги,637640,1.0,1.0,0.0,0.0,0.8748239278793335,1
выкуп антикварной мебели,,637640,1.0,1.0,0.0,0.0,0.8748239278793335,1
химчистка кроссовок,Вид услуги Бытовые услуги,637640,1.0,1.0,0.0,0.0,0.8748239278793335,1
реставрация раковин,Вид услуги Ремонт и отделка,637640,1.0,1.0,0.0,0.0,0.8748239278793335,1
русификация,"Вид услуги Автосервис, аренда",621540,0.0,0.0,0.0,1.0,0.00033093011006712914,1
ремонт стартеров выезд,"Вид услуги Автосервис, аренда Тип услуги Автосервис",653241,1.0,1.0,0.0,0.0,0.9358978271484375,1
расточка цилиндров,,636160,1.0,1.0,0.0,0.0,0.9492136836051941,1
лазерная гравировка металла,,628970,1.0,1.0,0.0,0.0,0.9448119401931763,1
риелтор коммерческой недвижимости,Вид услуги Деловые услуги Тип услуги,107621,1.0,1.0,0.0,1.0,0.8805197477340698,1
запись на визу ботом болгария,,107620,1.0,1.0,0.0,1.0,0.8198243379592896,1
отделка туалета,,636160,1.0,1.0,0.0,0.0,0.9492136836051941,1
трансформационная игра,,641780,1.0,1.0,0.0,0.0,0.9449335932731628,1
диагностика toyota электрика с выездом,"Тип услуги автосервиса Диагностика и ремонт авто Вид услуги Автосервис, аренда Тип услуги Автосервис",653240,1.0,1.0,0.0,0.0,0.8973381519317627,1
реноватор аренда,"Вид услуги Оборудование, производство",641780,1.0,1.0,0.0,0.0,0.9449335932731628,1
руны,,653240,1.0,1.0,0.0,0.0,0.8973381519317627,1
прогулка по неве на катере,,653240,1.0,1.0,0.0,0.0,0.8973381519317627,1
ремонт откосов окон,Вид услуги Ремонт и отделка,660630,1.0,1.0,0.0,0.0,0.9541446566581726,1
япония репетитор,"Предмет или специальность Японский язык Тип услуги Иностранные языки Вид услуги Обучение, курсы",653240,1.0,1.0,0.0,0.0,0.8973381519317627,1
чистка и заправка кондиционеров,"Тип услуги Кондиционеры, вентиляция Вид услуги Ремонт и обслуживание техники",637640,1.0,1.0,0.0,0.0,0.8748239278793335,1
мини токарные работы,,637640,1.0,1.0,0.0,0.0,0.8748239278793335,1
электрический бур аренда,"Вид услуги Оборудование, производство",631870,1.0,1.0,0.0,0.0,0.9580802321434021,1
мойщик окон аренда,,631060,1.0,1.0,0.0,0.0,0.9264658093452454,1
грузоперевозки на ларгусе,Вид услуги Грузоперевозки,642790,1.0,1.0,0.0,0.0,0.9476578831672668,1
беседка на день рождения,"Вид услуги Праздники, мероприятия",653240,1.0,1.0,0.0,0.0,0.8973381519317627,1
акпп диагностика ремонт,,652200,1.0,1.0,0.0,0.0,0.9461715221405029,1
ремонт кожаных изделий,Вид услуги Бытовые услуги Тип услуги Пошив и ремонт одежды,637640,1.0,1.0,0.0,0.0,0.8748239278793335,1
подключение интернета,,623430,1.0,1.0,0.0,0.0,0.9622023701667786,1
скупка электроинструмента,,637640,1.0,1.0,0.0,0.0,0.8748239278793335,2
удаление ржавчины автомобиля,"Вид услуги Автосервис, аренда Тип услуги Автосервис",637640,1.0,1.0,0.0,0.0,0.8748239278793335,1
аренда  без водителя грузоперевозки,"Вид услуги Автосервис, аренда Тип услуги Аренда авто",653240,0.0,0.0,0.0,0.0,0.8973381519317627,1
переработка пэт,Вид услуги Вывоз мусора и вторсырья,107620,1.0,1.0,0.0,1.0,0.8198243379592896,1
замена стекла iphone 16 pro,Тип услуги Мобильные устройства Вид услуги Ремонт и обслуживание техники,637640,1.0,1.0,0.0,0.0,0.8748239278793335,1
аренда сапборда сутки,,107620,1.0,1.0,0.0,1.0,0.8198243379592896,1
сопротивление материалов репетитор,"Вид услуги Обучение, курсы",637640,1.0,1.0,0.0,0.0,0.8748239278793335,1
коррекция нарощенных волос,"Тип услуги Услуги парикмахера Вид услуги Красота, здоровье",637640,1.0,1.0,0.0,0.0,0.8748239278793335,1
открыть замок нижегородский района,Тип услуги Вид услуги Ремонт и отделка,640310,1.0,1.0,0.0,1.0,0.8866358995437622,1
модель тату,"Тип услуги Тату, пирсинг Вид услуги Красота, здоровье",637640,1.0,1.0,0.0,0.0,0.8748239278793335,1
трансфер в шереметьево,,624360,1.0,1.0,0.0,0.0,0.9509158730506897,1
ремонт дхо,"Вид услуги Автосервис, аренда Тип услуги Автосервис",637640,1.0,1.0,0.0,0.0,0.8748239278793335,1
создать айклауд,,637640,1.0,1.0,0.0,0.0,0.8748239278793335,1
прошивка ваз,"Тип услуги автосервиса Тюнинг и оборудование Вид услуги Автосервис, аренда Тип услуги Автосервис",635320,1.0,1.0,0.0,0.0,0.9428577423095703,1
прогулка на лошедях,"Вид услуги Праздники, мероприятия",637640,1.0,1.0,0.0,0.0,0.8748239278793335,1
мотоподборщик,,654070,1.0,1.0,0.0,0.0,0.9531822204589844,1
замена аккумулятора iphone 14 pro max,Тип услуги Мобильные устройства Вид услуги Ремонт и обслуживание техники,635320,1.0,1.0,0.0,0.0,0.9428577423095703,1
натяжные потолки пушкин,Тип услуги Потолки Вид услуги Ремонт и отделка,653240,1.0,1.0,0.0,0.0,0.8973381519317627,1
реставрация ванной,Вид услуги Ремонт и отделка,637640,1.0,1.0,0.0,0.0,0.8748239278793335,1
раскрой ткани,,641780,1.0,1.0,0.0,0.0,0.9449335932731628,1
лазерный уровень прокат,"Вид услуги Оборудование, производство",661100,1.0,1.0,0.0,0.0,0.9524378776550293,1
бензобур,,648760,1.0,1.0,0.0,0.0,0.9584669470787048,1
мультфильм по фото,,107621,1.0,1.0,0.0,1.0,0.8805197477340698,1
ремонт ray ban meta,,637640,1.0,1.0,0.0,0.0,0.8748239278793335,1
модель окрашивание,,633540,1.0,1.0,0.0,0.0,0.9451214075088501,1
мастер класс макраме,,637640,1.0,1.0,0.0,0.0,0.8748239278793335,1
съемка на телефон,,637640,1.0,1.0,0.0,0.0,0.8748239278793335,1
сдать гофракртон,Вид услуги Вывоз мусора и вторсырья,107620,1.0,1.0,0.0,1.0,0.8198243379592896,1
заграничный паспорт,Вид услуги,637640,1.0,1.0,0.0,0.0,0.8748239278793335,1
модель для маникюра,"Онлайн-запись Вид услуги Красота, здоровье",107620,1.0,1.0,0.0,1.0,0.8198243379592896,1
автоэлектрик сигнализация выезд,"Вид услуги Автосервис, аренда Тип услуги Автосервис",622500,1.0,1.0,0.0,0.0,0.9511632323265076,1
аренда глубинного вибратора,,652000,1.0,1.0,0.0,0.0,0.9356116056442261,1
рытье колодцев,"Тип услуги Скважины, септики, колодцы Вид услуги Сад, благоустройство",107621,1.0,1.0,0.0,1.0,0.8805197477340698,1
разблокировка андроид,Вид услуги Ремонт и обслуживание техники,653240,1.0,1.0,0.0,0.0,0.8973381519317627,1
беседки с детской зоной,"Вид услуги Праздники, мероприятия",662210,1.0,1.0,0.0,0.0,0.95240318775177,1
лезгинка,,625810,1.0,1.0,0.0,0.0,0.9425949454307556,1
штукатурка шпаклевка,Вид услуги Ремонт и отделка,653240,1.0,1.0,0.0,0.0,0.8973381519317627,1
написать партитуру и аранжировку,Вид услуги Искусство,621540,1.0,1.0,0.0,1.0,0.00033093011006712914,1
замена стекла на балконе,Тип услуги Окна и балконы Вид услуги Ремонт и отделка,661420,1.0,1.0,0.0,0.0,0.9408352971076965,1
ремонт телевизоров lg,Тип услуги Телевизоры Вид услуги Ремонт и обслуживание техники,637640,1.0,1.0,0.0,0.0,0.8748239278793335,1
риелтор юрист,Вид услуги Деловые услуги,637640,1.0,1.0,0.0,0.0,0.8748239278793335,1
перевозка грузов в армению,Вид услуги Грузоперевозки,107620,1.0,1.0,0.0,1.0,0.8198243379592896,1
укладка тротуарной плитки 30×30,"Тип услуги Дорожное строительство Вид услуги Сад, благоустройство",643190,1.0,1.0,0.0,0.0,0.9512361884117126,1
замена барабана,Вид услуги Ремонт и обслуживание техники,637640,1.0,1.0,0.0,0.0,0.8748239278793335,1
мастер по ремонту кондиционеров,,637640,1.0,1.0,0.0,0.0,0.8748239278793335,1
отливы,,659300,1.0,1.0,0.0,0.0,0.9496976733207703,1
воздуходувка аренда,,653240,1.0,1.0,0.0,0.0,0.8973381519317627,1
грузоперевозки каблук,Вид услуги Грузоперевозки,637640,1.0,1.0,0.0,0.0,0.8748239278793335,1
ремонт бытовой техники микроволновок,Вид услуги Ремонт и обслуживание техники,636550,1.0,1.0,0.0,0.0,0.8943167924880981,1
тонировка автостекол,"Тип услуги автосервиса Тюнинг и оборудование Вид услуги Автосервис, аренда Тип услуги Автосервис",650400,1.0,1.0,0.0,0.0,0.9412539005279541,1
аренда фургона посуточно,"Аренда авто Авто для личного использования Вид услуги Автосервис, аренда Тип услуги Аренда авто",653240,1.0,1.0,0.0,0.0,0.8973381519317627,1
замена аккумулятора xiaomi,,637640,1.0,1.0,0.0,0.0,0.8748239278793335,1
грузовое такси межгород,Вид услуги Грузоперевозки,637640,1.0,1.0,0.0,0.0,0.8748239278793335,1
номер на авто,,653240,1.0,1.0,0.0,0.0,0.8973381519317627,1
лофт снять,,637640,0.0,0.0,0.0,0.0,0.8748239278793335,1
мотокультиватор в аренду,"Вид услуги Оборудование, производство",637640,1.0,1.0,0.0,0.0,0.8748239278793335,1
свадебные торты,,656350,1.0,1.0,0.0,0.0,0.9466472864151001,1
инженерная графика чертежи,"Вид услуги Обучение, курсы",637640,1.0,1.0,0.0,0.0,0.8748239278793335,1
вынос старой мебели,,637640,1.0,1.0,0.0,0.0,0.8748239278793335,1
ремонт газовых варочных панелей,"Тип услуги Варочные панели, духовые шкафы Вид услуги Ремонт и обслуживание техники",640310,1.0,1.0,0.0,1.0,0.8866358995437622,1
пмж ес,,621540,1.0,1.0,0.0,1.0,0.00033093011006712914,1
загран быстро,,637640,1.0,1.0,0.0,0.0,0.8748239278793335,1
ремонт камаз,,646710,1.0,1.0,0.0,1.0,0.8942078948020935,1
тбилиси трансфер,Вид услуги Пассажирские перевозки,107620,1.0,1.0,0.0,1.0,0.8198243379592896,1
оклейка пленкой дверей,,637640,1.0,1.0,0.0,0.0,0.8748239278793335,1
мытье окон академическая,Вид услуги Уборка,653240,1.0,1.0,0.0,0.0,0.8973381519317627,1
аренда студии для предметной съемк.,,653240,1.0,1.0,0.0,0.0,0.8973381519317627,1
дом с чаном и бассейном,,650210,0.0,0.0,0.0,0.0,0.9410335421562195,1
шпатлевка гипсокартона,Вид услуги Ремонт и отделка,107621,1.0,1.0,0.0,1.0,0.8805197477340698,1
прошивка тв приставок,Тип услуги Телевизоры Вид услуги Ремонт и обслуживание техники,637640,1.0,1.0,0.0,0.0,0.8748239278793335,1
замена стёкол в кухонном шкафу,,653240,1.0,1.0,0.0,0.0,0.8973381519317627,1
выкуп офисных компьютеров бу,Вид услуги,653240,1.0,1.0,0.0,0.0,0.8973381519317627,1
покупка отработанного растворителя,,652000,1.0,1.0,0.0,0.0,0.9356116056442261,1
метро теплый стан,Тип услуги Мобильные устройства Вид услуги Ремонт и обслуживание техники,637640,1.0,1.0,0.0,0.0,0.8748239278793335,1
ремонт вытяжки в ресторане,Вид услуги Ремонт и обслуживание техники,637640,1.0,1.0,0.0,0.0,0.8748239278793335,1
ремонт подушек безопасности,"Вид услуги Автосервис, аренда Тип услуги Автосервис",652000,1.0,1.0,0.0,0.0,0.9356116056442261,1
открытие дверей,,650210,1.0,1.0,0.0,0.0,0.9410335421562195,1
резка кирпича,,659400,1.0,1.0,0.0,0.0,0.6643270254135132,1
аренда байдарки,,637640,1.0,1.0,0.0,0.0,0.8748239278793335,1
накрутка отзывов,Вид услуги Деловые услуги Тип услуги,637640,1.0,1.0,0.0,0.0,0.8748239278793335,1
химчистка,Вид услуги Уборка,637640,1.0,1.0,0.0,0.0,0.8748239278793335,1
мастер по газовым котлам,,623430,1.0,1.0,0.0,0.0,0.9622023701667786,1
юрист написать заявление,Вид услуги Деловые услуги Тип услуги Юридические услуги,623130,1.0,1.0,0.0,0.0,0.9551143050193787,1
гид по петербургу англоговорящий,,653240,1.0,1.0,0.0,0.0,0.8973381519317627,1
снять помещение для праздника,,633540,1.0,1.0,0.0,0.0,0.9451214075088501,1
электрорубанок услуги,"Вид услуги Оборудование, производство",635320,1.0,1.0,0.0,0.0,0.9428577423095703,1
скупка компьютерной техники,Тип услуги Компьютеры Вид услуги Компьютерная помощь,637640,1.0,1.0,0.0,0.0,0.8748239278793335,1
репетитор по теоретической механике,"Вид услуги Обучение, курсы",637640,1.0,1.0,0.0,0.0,0.8748239278793335,1
кранборт,,644200,1.0,1.0,0.0,0.0,0.9442337155342102,1
кадастровый инженер княжий дом,,656890,1.0,1.0,0.0,1.0,0.8388394117355347,1
балансировка колес с виброконтролем,,637640,1.0,1.0,0.0,0.0,0.8748239278793335,1
ручной фрезер в аренду,"Вид услуги Оборудование, производство",631870,1.0,1.0,0.0,0.0,0.9580802321434021,1
монтаж входных дверей,Тип услуги Двери Вид услуги Ремонт и отделка,641780,1.0,1.0,0.0,0.0,0.9449335932731628,1
куплю радиодетали,Вид услуги Вывоз мусора и вторсырья,637640,1.0,1.0,0.0,0.0,0.8748239278793335,1
рохля в аренду с доставкой,,660710,1.0,1.0,0.0,1.0,0.8885895013809204,1
скупка айфон,,641780,1.0,1.0,0.0,0.0,0.9449335932731628,1
удаление ржавчины.  оцинковка деталей,,637640,1.0,1.0,0.0,0.0,0.8748239278793335,1
мишка поздравление,"Вид услуги Праздники, мероприятия",637440,1.0,1.0,0.0,0.0,0.9548822045326233,1
вывоз мусора  8 м3,Вид услуги Вывоз мусора и вторсырья,637640,1.0,1.0,0.0,0.0,0.8748239278793335,1
чистка вытяжки в квартире,,642320,1.0,1.0,0.0,0.0,0.936684787273407,1
скупка монет тула,,658080,1.0,1.0,0.0,0.0,0.956608235836029,1
подписка нетфликс,,107620,1.0,1.0,0.0,1.0,0.8198243379592896,1
промывка и заправка кондиционера,,632720,1.0,1.0,0.0,0.0,0.9603888392448425,1
утилизация мебели,Вид услуги Вывоз мусора и вторсырья,107620,1.0,1.0,0.0,1.0,0.8198243379592896,1
ремонт телевизора led подсветка,Тип услуги Телевизоры Вид услуги Ремонт и обслуживание техники,637640,1.0,1.0,0.0,0.0,0.8748239278793335,1
выкуп с ebay,Вид услуги,653240,1.0,1.0,0.0,0.0,0.8973381519317627,1
домик с мангалом,,652000,1.0,1.0,0.0,0.0,0.9356116056442261,1
3d дизайнер блендер,,637640,1.0,1.0,0.0,0.0,0.8748239278793335,1
замена фундамента,,637640,1.0,1.0,0.0,0.0,0.8748239278793335,1
эвакуатор екатеринбург,,654070,1.0,1.0,0.0,0.0,0.9531822204589844,1
каток аренда,,653040,1.0,1.0,0.0,0.0,0.9340453743934631,1
видео на заказ,,107621,1.0,1.0,0.0,1.0,0.8805197477340698,1
услуги охраны,"Вид услуги Охрана, безопасность",651180,1.0,1.0,0.0,0.0,0.9335717558860779,1
ветеринарный врач собаки,Вид услуги Уход за животными,637640,1.0,1.0,0.0,0.0,0.8748239278793335,1
аренда штробореза с пылесосом,,646600,1.0,1.0,0.0,0.0,0.9510841965675354,2
дархан,,653271,1.0,1.0,0.0,0.0,0.9473097920417786,1
кератиновое выпрямление модель,"Тип услуги Услуги парикмахера Вид услуги Красота, здоровье",650400,1.0,1.0,0.0,0.0,0.9412539005279541,1
прокат велосипедов на сутки,,107621,1.0,1.0,0.0,1.0,0.8805197477340698,1
ремонт сплит систем,"Тип услуги Кондиционеры, вентиляция Вид услуги Ремонт и обслуживание техники",624850,1.0,1.0,0.0,0.0,0.9447710514068604,1
утилизация и скупка телевизоров,,640310,1.0,1.0,0.0,1.0,0.8866358995437622,1
ремонт духовых шкафов смег,Вид услуги Ремонт и обслуживание техники,637640,1.0,1.0,0.0,0.0,0.8748239278793335,1
приемщик квартир от застройщика,,637640,1.0,1.0,0.0,0.0,0.8748239278793335,1
ремонт варочной панели zanussi,"Тип услуги Варочные панели, духовые шкафы Вид услуги Ремонт и обслуживание техники",637640,1.0,1.0,0.0,0.0,0.8748239278793335,1
ремонт ворот hormann,,637640,1.0,1.0,0.0,0.0,0.8748239278793335,1
химчиска обуви,,633540,1.0,1.0,0.0,0.0,0.9451214075088501,1
ремонт аппаратуры,,642320,1.0,1.0,0.0,0.0,0.936684787273407,1
заправка кондиционеры,Срочная услуга (мультистатус) Сейчас Срочная услуга (мультистатус) Сегодня Срочная услуга (мультистатус) Завтра,107620,1.0,1.0,0.0,1.0,0.8198243379592896,1
индивидуальные экскурсии,"Срочная услуга (мультистатус) Завтра Вид услуги Праздники, мероприятия",653240,1.0,1.0,0.0,0.0,0.8973381519317627,1
экскурсии на минивэне,,630090,1.0,1.0,0.0,0.0,0.9578823447227478,1
ремонт телевизора на дому,,107620,1.0,1.0,0.0,1.0,0.8198243379592896,1
скупка планшетов на запчасти,,625810,1.0,1.0,0.0,0.0,0.9425949454307556,1
ремонт телевизоров хаер,Тип услуги Телевизоры Вид услуги Ремонт и обслуживание техники,633540,1.0,1.0,0.0,0.0,0.9451214075088501,1
профессиональный фотограф,,637640,1.0,1.0,0.0,0.0,0.8748239278793335,1
бесплатный вывоз стиральных машин,,637640,1.0,1.0,0.0,0.0,0.8748239278793335,1
распил и продажа лдсп,"Вид услуги Оборудование, производство",653240,1.0,1.0,0.0,0.0,0.8973381519317627,1
картины на заказ по фотографии на алюмин,Вид услуги Искусство,622500,1.0,1.0,0.0,0.0,0.9511632323265076,1
тату олдскул,,637640,1.0,1.0,0.0,0.0,0.8748239278793335,1
база подогреваемый бассейн,,652000,1.0,1.0,0.0,0.0,0.9356116056442261,1
декор для свадьбы в аренду,"Вид услуги Праздники, мероприятия",637640,0.0,0.0,0.0,0.0,0.8748239278793335,1
аренда манекена с головой,,653240,1.0,1.0,0.0,0.0,0.8973381519317627,1
ремонт iphone 14 pro max,Тип услуги Мобильные устройства Вид услуги Ремонт и обслуживание техники,637640,1.0,1.0,0.0,0.0,0.8748239278793335,1
заказать медведя на день рождения,"Вид услуги Праздники, мероприятия",637640,1.0,1.0,0.0,0.0,0.8748239278793335,1
вывоз картона,Вид услуги Вывоз мусора и вторсырья,654070,1.0,1.0,0.0,0.0,0.9531822204589844,1
напишу диплом,"Вид услуги Обучение, курсы",653240,1.0,1.0,0.0,0.0,0.8973381519317627,1
ремонт замков на авто,,654070,1.0,1.0,0.0,0.0,0.9531822204589844,1
откачать выгребную яму,Срочная услуга (мультистатус) Сегодня Вид услуги Другое,624140,1.0,1.0,0.0,0.0,0.11533962935209274,1
ремонт триммеров и бензопил,,630090,1.0,1.0,0.0,0.0,0.9578823447227478,1
няня для грудничка,,107621,1.0,1.0,0.0,1.0,0.8805197477340698,1
ремонт  офисных стульев,Вид услуги Ремонт и отделка,661420,1.0,1.0,0.0,0.0,0.9408352971076965,1
установка гипсокартона,Вид услуги Ремонт и отделка,653240,0.0,0.0,0.0,0.0,0.8973381519317627,1
фотосессия с утятами,Вид услуги Фото- и видеосъёмка,637640,1.0,1.0,0.0,0.0,0.8748239278793335,1
аренда газели посуточно,,107620,1.0,1.0,0.0,1.0,0.8198243379592896,1
сантехник монтажник,Тип услуги Сантехника Вид услуги Ремонт и отделка,634450,1.0,1.0,0.0,0.0,0.9429033398628235,1
пати бас аренда,,637640,1.0,1.0,0.0,0.0,0.8748239278793335,1
попутный груз из краснодара,Вид услуги Грузоперевозки,653240,1.0,1.0,0.0,0.0,0.8973381519317627,1
мастер класс по эпоксидной смоле,"Вид услуги Обучение, курсы",652000,1.0,1.0,0.0,0.0,0.9356116056442261,1
вывоз старой мебели колпино,,653240,1.0,1.0,0.0,0.0,0.8973381519317627,1
снятие пароля на телефоне,Тип услуги Мобильные устройства Вид услуги Ремонт и обслуживание техники,653240,1.0,1.0,0.0,0.0,0.8973381519317627,1
кабинет косметолога,"Вид услуги Красота, здоровье",642790,1.0,1.0,0.0,0.0,0.9476578831672668,1
натяжные потолки цена за 1м2 с установкой,,653240,1.0,1.0,0.0,0.0,0.8973381519317627,1
компас чертежи,,637640,1.0,1.0,0.0,0.0,0.8748239278793335,1
диагностика ваз,"Вид услуги Автосервис, аренда Тип услуги Автосервис",625810,1.0,1.0,0.0,0.0,0.9425949454307556,1
nintendo switch прошить,Тип услуги Игровые приставки Вид услуги Компьютерная помощь,660710,1.0,1.0,0.0,1.0,0.8885895013809204,1
прокат инструмента болгарка,"Вид услуги Оборудование, производство",658080,1.0,1.0,0.0,0.0,0.956608235836029,1
танцы для взрослых латино,,637640,1.0,1.0,0.0,0.0,0.8748239278793335,1
отдых для двоих с чаном,,636160,1.0,1.0,0.0,0.0,0.9492136836051941,1
домики снять,,653040,1.0,1.0,0.0,0.0,0.9340453743934631,1
удаление катализатора и прошивка,,648760,1.0,1.0,0.0,0.0,0.9584669470787048,1
газель под выкуп,"Аренда авто Аренда авто с выкупом Вид услуги Автосервис, аренда Тип услуги Аренда авто",633540,1.0,1.0,0.0,0.0,0.9451214075088501,1
такси астана,Вид услуги Пассажирские перевозки,642320,1.0,1.0,0.0,0.0,0.936684787273407,1
база отдыха с бассейном снять,,633540,1.0,1.0,0.0,0.0,0.9451214075088501,1
грузоперевозки 5 тонн бортовой,Вид услуги Грузоперевозки,653241,1.0,1.0,0.0,0.0,0.9358978271484375,1
вывоз,Вид услуги Вывоз мусора и вторсырья,653240,1.0,1.0,0.0,0.0,0.8973381519317627,1
сезонное обслуживание кондиционеров,,107620,1.0,1.0,0.0,1.0,0.8198243379592896,1
ремонт раковин реставрация,Вид услуги Ремонт и отделка,653240,0.0,0.0,0.0,0.0,0.8973381519317627,1
сиделка в приморском районе,"Вид услуги Няни, сиделки",653240,0.0,0.0,0.0,0.0,0.8973381519317627,1
фотограф янтарный,,630090,1.0,1.0,0.0,0.0,0.9578823447227478,1
аниматор трансформер,,633540,1.0,1.0,0.0,0.0,0.9451214075088501,1
пескоструйная обработка дерева,,637640,1.0,1.0,0.0,0.0,0.8748239278793335,1
поиск кабеля в земле,,633540,1.0,1.0,0.0,0.0,0.9451214075088501,1
скупка неисправных телевизоров савеловская,,637640,1.0,1.0,0.0,0.0,0.8748239278793335,1
аренда бетонореза,"Вид услуги Оборудование, производство",625810,1.0,1.0,0.0,0.0,0.9425949454307556,1
вывезу бесплатно ваш старый телевизор,,107620,1.0,1.0,0.0,1.0,0.8198243379592896,1
замена матрицы телевизора samsung,Тип услуги Телевизоры Вид услуги Ремонт и обслуживание техники,107620,1.0,1.0,0.0,1.0,0.8198243379592896,1
грузоперевозки москва киров,,637640,1.0,1.0,0.0,0.0,0.8748239278793335,1
начинающий видеограф,,658080,1.0,1.0,0.0,0.0,0.956608235836029,1
замена задней крышки iphone 16 pro,Тип услуги Мобильные устройства Вид услуги Ремонт и обслуживание техники,637640,1.0,1.0,0.0,0.0,0.8748239278793335,1
помощь с оплатой сервисов за рубежом,,637640,1.0,1.0,0.0,0.0,0.8748239278793335,1
виза греция,,637640,1.0,1.0,0.0,0.0,0.8748239278793335,1
ремонт часов garmin,Вид услуги Бытовые услуги,653240,1.0,1.0,0.0,0.0,0.8973381519317627,1
прописать датчики давления шин,"Вид услуги Автосервис, аренда Тип услуги Автосервис",107620,1.0,1.0,0.0,1.0,0.8198243379592896,1
стилист визажист,"Где вы оказываете услуги У заказчика дома Ваши клиенты Женщины Кто оказывает услуги Частный исполнитель Тип услуги Макияж Вид услуги Красота, здоровье",653240,1.0,1.0,0.0,0.0,0.8973381519317627,1
пропайка плат,"Тип услуги автосервиса Тюнинг и оборудование Вид услуги Автосервис, аренда Тип услуги Автосервис",107620,1.0,1.0,0.0,1.0,0.8198243379592896,1
плетение афрокосичек мужских,,637640,1.0,1.0,0.0,0.0,0.8748239278793335,1
афрозатылок,,621540,1.0,1.0,0.0,1.0,0.00033093011006712914,1
уроки живописи,,653240,1.0,1.0,0.0,0.0,0.8973381519317627,1
фронтон,,650510,1.0,1.0,0.0,0.0,0.9613726139068604,1
аренда лофта с верандой и грилем,,107620,1.0,1.0,0.0,1.0,0.8198243379592896,1
аренда авто с водителем на день рождения,,637640,1.0,1.0,0.0,0.0,0.8748239278793335,1
загранпаспорт быстро,,637640,1.0,1.0,0.0,0.0,0.8748239278793335,1
поверка счетчика,,640860,1.0,1.0,0.0,0.0,0.9371318817138672,1
аккумуляторная болгарка в аренду,"Вид услуги Оборудование, производство",650510,1.0,1.0,0.0,0.0,0.9613726139068604,1
