variant,weight,matched_recall50,unseen_macro,held_macro
combined,0.25,0.9540428139856304,0.9490441176470588,0.9508088235294118
combined,0.5,0.95311977410425,0.9500735294117648,0.9499264705882352
geography,0.25,0.9531185433730486,0.9484558823529412,0.9496323529411764
geography,0.5,0.952939001909928,0.9493382352941176,0.9496323529411764
v7_context_pool,0.0,0.9528152912874686,0.9478676470588236,0.9490441176470588
confirmed_v8_pool,0.0,0.9528152912874686,0.9478676470588236,0.9490441176470588
combined,1.0,0.9525961778421824,0.947279411764706,0.9486029411764706
base,0.5,0.9523574935054558,0.9481617647058823,0.9496323529411764
combined,0.75,0.9521527615836792,0.9471323529411764,0.949485294117647
base,0.25,0.9519691546827225,0.9475735294117648,0.94875
base,0.75,0.9517158862742983,0.9466911764705882,0.9490441176470589
geography,0.75,0.9514255088844452,0.9465441176470588,0.9478676470588236
geography,1.0,0.950694798673418,0.9465441176470588,0.9481617647058824
base,1.0,0.949864247189613,0.9458088235294118,0.9469852941176471
