search_query,search_location_id,context_key,baseline_recall50,selected_recall50,delta
печать фото на холсте,662210,01764508fd45a5aa9bd36766,1.0,1.0,0.0
аренда помещения,107621,019297e36b2258c2a0dabf9e,1.0,1.0,0.0
ремонт пылесосов,653040,0268728d2d03301b93ebb805,1.0,1.0,0.0
вывоз хлама,637440,03360eb9ad8a7e2de1689acd,1.0,1.0,0.0
услуги парикмахера на дому,653240,03bb510d12041e794e8d0f2c,1.0,0.0,-1.0
батайск торты на заказ,651180,056c1c0345f98585c7981c4b,1.0,1.0,0.0
сварные работы,649210,05b4a6f8e2cd7ba110702304,1.0,1.0,0.0
ремонт спутниковых антенн,622500,05e545132f6d0add44c5a15b,1.0,1.0,0.0
услуги эндоскопа на дизельные двигателя,637640,06044377f611c61a742e1948,1.0,1.0,0.0
написание конспектов,631870,062e322ab7d66b79651fdade,1.0,1.0,0.0
ремонт старинных часов ссср,653240,06c097e526bae0e05e45e0cf,1.0,1.0,0.0
педикюр для мужчин,641780,077ac6cd92c7b8ec71bb0883,1.0,1.0,0.0
предметная съемка для маркетплейсов,637640,078f234573995593042e25a1,1.0,1.0,0.0
скупка инструмента,637640,07b29bf407f45d4dac6f759a,1.0,1.0,0.0
распил фанеры,653240,08f7ed091899e9927773db60,1.0,1.0,0.0
удаление тату,107620,0958b9af8187ac3ef1e46208,0.0,1.0,1.0
настройка гбо,661420,096b4722eadcd412d72651fb,1.0,1.0,0.0
замена лобового стекла,630660,09b7fb4b8343690d4a0b93c2,0.0,0.0,0.0
скупка и вывоз мебели,642320,09d4d19c2b8809d65f37c94b,1.0,1.0,0.0
контемпорари танцы,654070,0a27b866fd944108ff2389a9,1.0,1.0,0.0
вольная борьба,637640,0a65239d6a1afa3ddce6210b,1.0,1.0,0.0
ремонт бензопил,656830,0aa60b3d1f13d85e1548351b,1.0,1.0,0.0
загран срочно,637640,0aff1bd5c1f3285c169d3270,1.0,1.0,0.0
гид,630090,0b103130cc8344fab2878d7b,1.0,1.0,0.0
нашивки на заказ,653240,0b69f9b02c558030d15a6326,1.0,1.0,0.0
стрижка растений,632760,0be5f019edb7f605789d38f1,1.0,1.0,0.0
гибка нержавейки,107620,0beba82b4922d569202506d0,1.0,1.0,0.0
скупаем пк,653240,0c40060f9eefaf08ecd33b35,1.0,1.0,0.0
удаление тату бесплатно,633540,0c9394bc4509f6424b106a50,1.0,1.0,0.0
скупка ковров,637640,0d30f94bd1dd2231a0f5f2c8,1.0,0.0,-1.0
разблокировка телефона,653240,0de81e0bcda1b858792cd286,1.0,1.0,0.0
мойка форсунок бензиновых,625810,0e724b8de80a8a1261de61eb,1.0,1.0,0.0
вывоз холодильников,661420,0ed434d89906e21d7b593bf1,1.0,1.0,0.0
лазерная резка фанеры,635320,0ee6f18029e0e7d3d62f0879,1.0,1.0,0.0
ателье по ремонту одежды,653240,0f532af4e679074d4d481a64,0.0,0.0,0.0
тонировка фар пленкой,653040,0f82430a0b726be5c1e109be,1.0,1.0,0.0
груминг,658080,0fa90eb84a2ffc2ea7601e00,1.0,1.0,0.0
реклама на заднем стекле,621565,0fae99fbc1b5825d40d8a0fa,0.0,1.0,1.0
макулатура,639010,0ff0dacb2e3e204aa0c53cf9,1.0,1.0,0.0
коттедж на свадьбу,646600,0fff0103b36ac4e181bcd93f,1.0,1.0,0.0
установка опалубки,637640,1011ab44fa3e040af501b4fa,0.0,0.0,0.0
плазмалифтинг,635430,11a6e7df2ec7942d65a8f5a2,0.0,0.0,0.0
таможенный брокер,653240,11b12444623381daa38128f1,1.0,1.0,0.0
восстановление мастер аккаунта lixiang,107620,1273c56e63934261cbb38858,1.0,1.0,0.0
изготовление помолвочных колец,637640,129c17928a6848690411c4aa,1.0,1.0,0.0
ремонт телевизоров toshiba в мосикве,637640,12ed82ef8670eda941025629,1.0,1.0,0.0
интернет оптоволокно,632870,12fc3f8bb6766dff34df4579,1.0,1.0,0.0
ремонт алисы,107620,139efa20433f069afec130df,1.0,1.0,0.0
вскопка огорода,636160,13a4d6dfa198a473b1bb2938,1.0,1.0,0.0
мастер по ремонту телефонов,635320,15395e8986d8cbc947be611b,1.0,1.0,0.0
аренда авто сутки,652000,1565f6663f10cd22eb1bfe4d,1.0,1.0,0.0
утилизация бытовой техники,661420,15a91ec612941968a78b305e,1.0,1.0,0.0
передержка котов,637640,15ac5282d288785008f16d69,1.0,1.0,0.0
экскурсия на мотоцикле,637640,1630f575ab1ebc5c0f1eb8ca,1.0,1.0,0.0
проводы в аэропорт минивэн,637640,177d59a78f45627083c63428,1.0,1.0,0.0
роспись на одежде,635320,1783839c27c0e527c90001dc,1.0,1.0,0.0
временная прописка,628780,17ce0675842af3c5f88c9ca9,0.0,0.0,0.0
скупка кофемашин,653240,17ce43f44cd1f550b68baf16,1.0,1.0,0.0
отказное письмо для озон,107620,18016f6d9406db9127f8761d,1.0,1.0,0.0
номера на лодку,653241,1812aef540f12ef40b6cd303,1.0,1.0,0.0
аренда моющего пылесоса для мебели,650400,18ddcdf3699b1d9f3164ee12,1.0,1.0,0.0
ремонт радиаторов,621550,1a68b2c073e7549246a22806,1.0,1.0,0.0
таргетолог инстаграм,621540,1aaef75ff66a54ee45992cb9,1.0,1.0,0.0
астрахань рыбалка,637640,1ad3b25c2eedee40c4163b62,0.0,0.0,0.0
обслуживание котлов,623410,1ad503621134dfe961e0c2ed,1.0,1.0,0.0
пошив штор,653040,1bcb799d6602a5133638f952,1.0,1.0,0.0
аренда виброноги,650400,1c49b15013b24a7f6441619d,0.0,0.0,0.0
ремонт вакууматоров,637640,1c56a24a1bcacc5b9cbce5ed,1.0,1.0,0.0
копка фундамента,625810,1c87f63889537d00516a682f,1.0,1.0,0.0
стрижка собак,625810,1cca01c5d217293ad59ec84f,1.0,1.0,0.0
аренда пароочистителя керхера,650400,1dad31f02db628da4a965591,1.0,1.0,0.0
очистка водоемов,624840,1dcfd451e60c91ec08073577,1.0,1.0,0.0
доставка газовых баллонов,650400,1e480ccf164cd77d9fd40804,1.0,1.0,0.0
база отдыха с чаном,650890,1e564bb2707ca23f4423a226,1.0,1.0,0.0
стрижка кошки,638520,1ea3b55061563b50b5a3be58,1.0,1.0,0.0
расточка дисков,646520,1eccc5c39585dab45ac3852b,1.0,1.0,0.0
сигнализация с автозапуском ремонт,638780,1ed07a2676b888f99b509a48,1.0,1.0,0.0
заправить кондиционер авто,639440,1ee3fa7d3632c068f0336be1,1.0,1.0,0.0
тату бесплатно,621565,1f211ba4a7f98c78c6b2acdf,1.0,1.0,0.0
очистка форсунок,621576,1f458a7e9efcf1a8ffc9de48,1.0,1.0,0.0
утилизация холодильников,646450,1f78b6e954e41c5961f0ecfd,1.0,1.0,0.0
конструктор мебели,656200,1fc52d873d78e965691b399e,1.0,1.0,0.0
расточка блока цилиндров,653240,1fe3958a13072e63a12b3bb7,1.0,1.0,0.0
мастер по окрашиванию волос,656350,1ff6e56cb47ea96e57e4ee85,1.0,1.0,0.0
скупка разъемов,640860,1ffa5649960c0a196fa767f1,1.0,1.0,0.0
установка сантехники,656901,2030c3b7d6d1a32de0c7dd3e,1.0,1.0,0.0
спортивный стилист,107621,204350d772d892f4e87c3ead,0.0,1.0,1.0
манипулятор 10 тонн,661420,20e707925bda1308a6b8902f,1.0,1.0,0.0
разровнять участок,662810,2244e2057932317152ad01a1,1.0,1.0,0.0
ремонт брелков starline,638220,22905bbc2b087cd803cfbc8a,0.0,0.0,0.0
доставка  таобао,621540,22b48b9e0250ab834d851a07,1.0,1.0,0.0
гальваническое золочение,637640,2305b7139282964e36ba234d,1.0,1.0,0.0
каркас забора,648760,2374179e01b23260afd0c222,1.0,1.0,0.0
компьютерный  мастер,662760,2378e4ced0f928d472862edc,1.0,1.0,0.0
диагностика двигателя с выездом,622500,23a88528bf3e11aab6a9ebf3,1.0,1.0,0.0
iphone заблокированный,653240,245cb945c7046dceae34d0bc,1.0,1.0,0.0
озонирование помещения после пожара,107621,246fc0ec710f1f3293d20cd4,1.0,1.0,0.0
покраска ворот,649870,24b64e4c864f8e0972ddb55e,1.0,1.0,0.0
тонировка авто стекла,650400,259895fa9c9fb7dc8cffba79,1.0,1.0,0.0
ремонт дверных замков,621630,25ddfb42aa43c24e5e44119b,1.0,1.0,0.0
актер,625810,274dbd17d7ca55ea3bb3c4ef,1.0,1.0,0.0
дубликаты номеров,635320,27589b1d03833623bbcf8c22,1.0,1.0,0.0
такси екатеринбург,654070,27a96e1aee85288ac319cb00,1.0,1.0,0.0
корректировка пробега,635320,286479301cda3a26d7e4016e,1.0,1.0,0.0
косметолог лечение акне,653240,287c31f901e4904ef306c9bd,1.0,1.0,0.0
пилинг головы,107621,28c7c782297a74febf20c94c,1.0,1.0,0.0
вспашка земли кременкуль,661420,28de0caba5711ba5c500ef03,1.0,1.0,0.0
склад в китае,660060,2ac64881437668e7e55f8768,1.0,1.0,0.0
укладка ламината елочкой,623880,2ad575d8ecd303359dd1b4c3,1.0,1.0,0.0
стилист имиджмейкер,625390,2ad8bc072fb75592b81b64f1,1.0,1.0,0.0
отбеливание зубов,637640,2b03449837b309da4db549c2,1.0,1.0,0.0
публикация приложения,637640,2b28905427326522b4e49e47,1.0,1.0,0.0
расточка наплавка восстановление отверстий,107620,2c2b36da0e3a2e4faba7c357,1.0,1.0,0.0
перевезти металлолом,658080,2c2ec8fef59141a734cbaa6c,0.0,1.0,1.0
капельницы на дому собаке,806540,2c4939f103792b05036036f2,1.0,1.0,0.0
скупка офисных кресел,637640,2c580ec2760f1dd3c85ddb10,1.0,1.0,0.0
пошив постельного белья,654860,2c617598e770b298261bd84c,1.0,1.0,0.0
модель на макияж,653241,2d56e5acb7cf00739ef3e32d,1.0,1.0,0.0
обучение на мастера по реконструкции волос,640860,2dea31ed516f62c765dd641b,1.0,1.0,0.0
омск астана,642020,2e29943a618ca4960fd8402e,1.0,1.0,0.0
диагностика авто перед покупкой,623880,2e30e9dd745b6245a143fd6c,1.0,1.0,0.0
сход развал,643190,2ea977576370308a9985e038,1.0,1.0,0.0
фулфилмент,661420,2ee360fee1f01ac6995b19a7,1.0,1.0,0.0
установка водяных счетчиковгород,642550,2fd1f920d0cdb635effa0467,1.0,1.0,0.0
ремонт apple magic keyboard,107621,2ff8f1a1ba354598365dce35,1.0,1.0,0.0
прогулка на карете,107621,31db3d61db431e8b63aa611e,1.0,1.0,0.0
эмаль для ванны,662210,3204bdaeb351abcd6c1de36d,1.0,1.0,0.0
кладка пеноблока,628450,3236ff90717ec3ff0285bcd8,1.0,1.0,0.0
выкуп шин резины,637640,323ff85c8a4b3b6be27d448f,1.0,1.0,0.0
хип хоп танцы,659300,335eb38836228b8871ab84bd,1.0,1.0,0.0
стирка паласов,625810,3390ac419c4f5dded77d7d76,1.0,1.0,0.0
прошивка магнитолы haval м6,653240,34b3a02701287c555f996d29,1.0,1.0,0.0
выравнивание участка вручную,656901,34b82cfc48648e99ba93c4c7,1.0,1.0,0.0
сварка из нержавейки,653140,34e43a12fb1bf113002be15a,1.0,1.0,0.0
аренда парикмахерского кресла,656350,365a1470699d53e736edc7d2,1.0,1.0,0.0
сладкая вата на праздник,621630,369e88656d08b6af650f3e3d,1.0,1.0,0.0
кастрация,107621,36d8fb00f71b827215d22e98,1.0,1.0,0.0
снять авто,637640,36e83e204ddede447c407a08,1.0,1.0,0.0
ремонт водонагревателей,630410,37028f2d9bb24a3d08d6bab4,1.0,1.0,0.0
часовой мастер,637190,3731c2e95cbd90f1a5eb8fe3,0.0,1.0,1.0
шарик на девичник с фамилией,107621,3749294ed4b04daf9a47a406,1.0,1.0,0.0
автоинструктор по вождению мкпп,653040,375327083c0d65bf2300330d,1.0,1.0,0.0
снос дома,648760,3771ad890da1545f3562f862,1.0,1.0,0.0
выкуп бу шин и дисков,637640,37f4200c33835e5fb5ea8975,1.0,1.0,0.0
ремонт личинки замка зажигания,638240,37fcf2b683e456b1f83559d8,1.0,1.0,0.0
заливка бетона под оборудование,637640,39b35daf8d51a11158aa853d,1.0,1.0,0.0
такси на дачу недорого,107620,3a63b8ecfa0462675211335c,0.0,0.0,0.0
репетитор по испанскому языку,631270,3a9213e09f7e366e5f960900,1.0,0.0,-1.0
печать флагов на заказ,653870,3b09ab69f967cb4e592f9820,1.0,1.0,0.0
сборщики мебели,656901,3ba2797aa9955b5ece9de22e,1.0,1.0,0.0
водяной теплый пол,653271,3bb839879964a8becac1e1e7,1.0,1.0,0.0
ремонт компрессоров,650400,3d09958e2d695a8cadc2f799,1.0,1.0,0.0
лицензия такси,655190,3d70d3bac8f663f3ba9c83fc,1.0,1.0,0.0
таро,621540,3e4013a62d04554a2d48de4a,1.0,0.0,-1.0
аренда автомобиля и прокат без водителя,634450,3ea2e8f025974287cf4af2a0,1.0,1.0,0.0
репетитор математика,625810,3eca0a453677a15987629687,1.0,1.0,0.0
курсы,107620,3f1bcca2d4d636ad04acf98e,0.0,0.0,0.0
прогулка на мотоцикле,637640,3f4ca6031dd3dab9a61c78f4,1.0,1.0,0.0
циклевка доски,107621,402518682c163c230b594896,1.0,1.0,0.0
ремонт электровелосипедов,662810,40781d46caf884c3d8198de7,1.0,1.0,0.0
страховка осаго,646060,407a8576374093f011efffb7,1.0,1.0,0.0
газосварка,637640,412b5245d29661443fd8f730,1.0,1.0,0.0
светотехнический расчет квартиры,650400,41d771f7677bc3eb0d9e1bee,1.0,1.0,0.0
ремонт компрессора автокондиционера,650400,4215fc5c714d590c7a210fe5,1.0,1.0,0.0
ремонт стартеров генераторов,636500,425f74227b726c2560bfe08a,1.0,1.0,0.0
акб для электровелосипеда,653240,42f85a455987ec5ae61bf35a,1.0,1.0,0.0
аывоз строительного мусора,652300,438e8f5ba5fe51a01f2dd182,1.0,1.0,0.0
монтаж поликарбоната,637640,44b0ea9895489610f8e8068d,0.0,0.0,0.0
ремонт задней крышки iphone,642320,44dcf6e562df479ffd3eecc1,1.0,1.0,0.0
услуги мебель на заказ,658080,44e88000957fb79b1fb00f92,1.0,1.0,0.0
трансфер из шереметьево автобус,637640,44ef974d3f43a3bb395b4a8f,0.0,1.0,1.0
ремонт ворот,637640,451787b2c25aec79cd36efa0,1.0,1.0,0.0
педикюр щербинки,640860,456ce51597bce1d92f3fd8ac,1.0,1.0,0.0
макет визиток,637640,4575fc96183e07b610e1c21e,1.0,0.0,-1.0
виртуальная карта иностранного банка,637640,459d1e1eb830b94eb4e270ed,1.0,1.0,0.0
депиляция воском мужской,653240,466ec303b349a097dca9d3d3,1.0,1.0,0.0
мастер классы по рисованию сегодня,653240,46c3d447ded091bb0c50105a,1.0,1.0,0.0
муж на час москва метро скобелевская,637640,47c2c4abe380a691a67bbb26,1.0,1.0,0.0
дом для отдыха,662210,47da184a07cb6f59c58ac7dc,1.0,1.0,0.0
установка уличных дверей,661100,48225da7a21b61231b0c031a,1.0,1.0,0.0
свидание в гончарной мастерской,107620,4852907be2df3fb35dd507b2,1.0,1.0,0.0
разбор сборка и перевозка мебели,653240,487a2eae1bf207dc4f44bcac,1.0,1.0,0.0
строительство домов семейная ипотека,638150,48ca1e77f386f2a8934ba183,0.0,0.0,0.0
ремонт samsung,637640,48e564f898faf29381788ecb,1.0,1.0,0.0
репетитор по физике 8 класс,662150,48e5ff15b258f01b150c0ed4,1.0,1.0,0.0
накрутка лайков,621540,4905315e0792187c18eca463,1.0,1.0,0.0
сантехник замена труб,656901,4950b66efa79b9639f899017,1.0,1.0,0.0
поездки в казахстан,637640,4984c69511c33220b514b620,0.0,0.0,0.0
хоста,621540,49abc6ada389679547dd7f6c,0.0,1.0,1.0
посуточная аренда авто,633540,49adbe04820f25f5d3561c05,1.0,1.0,0.0
изготовление госномера,641780,49f17e95d92effd0593d511a,1.0,1.0,0.0
услуги экстрасенса,621540,4ac9157592b3fa8c472dc17b,1.0,1.0,0.0
репититор математика огэ,637640,4afd6d00b30ee206f4b1ba5b,1.0,1.0,0.0
микроавтобус,646600,4b1382af128f5b893f33562a,1.0,1.0,0.0
мастер не час,662210,4b247b27acc810cad1950804,1.0,1.0,0.0
взлом замков,628890,4b7b6b9e7ecab65e5ac6ca5f,1.0,1.0,0.0
вахта перевозка сотрудников,646600,4ba2fbca04d69517997da583,1.0,1.0,0.0
снятие обоев,653240,4bb9cdf6910825be832fb532,1.0,1.0,0.0
услуги бухгалтера,628500,4c077460efb409c0a23a25e3,1.0,1.0,0.0
сварка кпп,621540,4c78864bd53c1ce4828c896b,0.0,1.0,1.0
замена капота,649870,4cc95cb17dbd115decd4075e,1.0,1.0,0.0
низкорамный манипулятор,638920,4f3b2cf297d11354ef3e9647,1.0,1.0,0.0
беседки с басейном,621590,4fc8b592ac8462cf3515667a,1.0,1.0,0.0
юрист в сфере образования,654070,507b40cdfabc0ea91344524b,1.0,1.0,0.0
изготовление печати ип,650400,518327877392154c87cf05b1,1.0,1.0,0.0
прокат аренда катера без капитана,653240,51a5a2695cd060adad11c136,1.0,1.0,0.0
массаж лица,653240,51b00e38e84e68ec279da45c,0.0,1.0,1.0
авто электрик бмв,637640,51f05742405ca57753451ef3,1.0,0.0,-1.0
вывоз мусора услуги предложение,644200,5266c4167d9610282cfee5b6,1.0,1.0,0.0
ремонт google pixel,637640,52b6b7dd2660167c43a9d2f9,0.0,0.0,0.0
откосы дверей,653040,52eb70bdc3dc9b7af9a4d5ca,1.0,1.0,0.0
благоустройство участка,654070,530ac104e828263d363cb09c,0.5,1.0,0.5
промывка топливных форсунок,633540,530fd7d44f05385c12ca8475,1.0,1.0,0.0
ремонт скважинных насосов,625810,535a7841a1457dd7382b9623,1.0,1.0,0.0
кодирование mercedes,107620,53e02cf4246b7e86405c5e86,1.0,1.0,0.0
переоборудование тс,631870,545f5a391f13b584e2b37678,1.0,1.0,0.0
чистка участка,659020,5487fe6a9f05ba13e38dbb3d,1.0,1.0,0.0
написание статей экономика промышленности,621540,55cf7e24e7513d5a1074e7fc,0.0,0.0,0.0
микроавтобус грузовой,630090,5608f094d09f4e2d4e9edb45,1.0,1.0,0.0
свайно винтовой фундамент,643560,561b8527c3b5d24a42407bee,1.0,1.0,0.0
перевозка негабаритных грузов,646600,57a1867ab91fcd5b2b144a2a,1.0,1.0,0.0
снятие порчи,653240,57b5adaa2dc3ac658c725c4f,1.0,1.0,0.0
индиба,639440,58694a7b6a4353b5d13ff2c0,0.0,0.0,0.0
снять беседку теплую,635320,58a11b128290774cf6c84618,1.0,1.0,0.0
плетение кос можель,637640,58ac3d9fb20bb4ba3430705d,1.0,0.0,-1.0
капельницы на дому животным,637640,58dc1089a91b598b37867fd0,1.0,1.0,0.0
гараж под ключ,650890,596dd9736f535dc9e416e07f,1.0,1.0,0.0
покрыть паркет воском,107620,5980b33b75206b8e36153cab,1.0,1.0,0.0
обшивка имитацией бруса,653240,5a0bc08ccd4b4d50d35d0775,1.0,1.0,0.0
чистка дивана от кошачьей мочи,661010,5a5087d01b9abcdbac144ba4,1.0,1.0,0.0
доставка небольших грузов на каблуке,642790,5ac564a9e2de162c15f82f42,1.0,1.0,0.0
скважина вымывная,625330,5cc385574063175df45e0f2f,1.0,1.0,0.0
dtg печать на одежде,646600,5cd0c3e9f94923a6fb2891b8,1.0,1.0,0.0
скупка электроники,641780,5d15f4923ead3ae8062d4bf1,1.0,1.0,0.0
ночная няня,653240,5d187109df23398508338ea5,1.0,1.0,0.0
аренда рояль,653240,5d6919cfc1971f9eb2e5e8fc,0.5,1.0,0.5
ремонт наушников,653240,5d9539327b7e783821d01796,1.0,1.0,0.0
катер без капитана,653240,5ea3dedda62c253d069e9215,1.0,1.0,0.0
висцеральный массаж по огулову,107621,61a3efac333000fd6714c711,1.0,1.0,0.0
прочистка канализации устранение засоров,622170,6275339576a926d66396d263,1.0,1.0,0.0
установка раций,637640,629b390eae9644726ceb1fc2,1.0,1.0,0.0
аварийный комиссар оформление дтп,653240,62b68dc807d749cadb71aaa8,1.0,1.0,0.0
замена автомобильного стекла,653240,62c5ba015377383758a4645d,1.0,1.0,0.0
фотограф и видеограф на свадьбу,637640,63103ed28cc5347e68c22ca7,1.0,1.0,0.0
пригоню авто,621540,631267492184616d102cdde6,0.0,0.0,0.0
охота на медведя,648070,63cea03a29923f790aeb183b,1.0,1.0,0.0
чистка дымохода,642320,64064313132a047098863e41,1.0,1.0,0.0
перераспределение земли,656901,64a762f62dd533542bbcb1ef,1.0,1.0,0.0
производство одежды,653240,6531e1803b85ae0d2d4b659a,1.0,1.0,0.0
аренда длинномера,646600,66d3d6b6d5eafde480a0a920,1.0,1.0,0.0
гравировка на клавиатуре,107621,66d5ca1c7701eaefa029030a,1.0,1.0,0.0
снять дом в селе нижне озерное,642480,66e31e9a8f8edb7e54bad8ab,1.0,1.0,0.0
мобильный фотограф,637640,671d03d50952645183107075,1.0,1.0,0.0
окна,660630,674b68bdb82b713be1c32675,1.0,1.0,0.0
монтаж пвх мембраны,632660,67cc1bece4defaedbfb37b2e,1.0,1.0,0.0
сауна на двоих,653240,68911d317794ff2b4d51999e,1.0,1.0,0.0
сварка сварщик,657010,68d320f697c9f4dcde9b908d,1.0,0.0,-1.0
баржа,634930,6961f01be57b9c9e470b98c8,1.0,1.0,0.0
лофт аренда,637640,69d484eb2540a89619a8859d,0.0,0.0,0.0
вызов металлолома из дома,650400,6a72df965f7107c61d988eff,1.0,1.0,0.0
пункты приема,654070,6b06f65a0ea04be66907bc0a,0.0,1.0,1.0
компьютерная помощь,638520,6bf84aba1b9185eda3829a80,1.0,1.0,0.0
грузоперевозки краснодар,634450,6c8ef840a0fecb0864ef8ba1,1.0,1.0,0.0
перекупская покраска,637770,6caf85701648dea5a8f90f91,1.0,1.0,0.0
электроэпиляция,637640,6d1d4139dfd133dd8bdb49a0,1.0,1.0,0.0
работы на кладбище,645660,6d4b3592beddfb24836cb15e,1.0,1.0,0.0
резка рулонных материалов,641780,6dd2edefff5f97a95eea3f98,1.0,1.0,0.0
ремонт мягкой мебели на дому,630410,6de4fa49997c946201428c02,1.0,1.0,0.0
ремонт автоусилителей,654070,6f35f2d86e60e109668c44a3,1.0,1.0,0.0
джампинг занятия,107620,6f44f885c415868aace64ade,1.0,1.0,0.0
газель удлиненная,107620,6fdf4cfa32492a53f65208b7,1.0,1.0,0.0
отправка авто паромом из калининграда,637640,7008a88c9da86d75dd24a77a,1.0,1.0,0.0
скупка фотоаппаратов,637640,701d8d1efe009f1ae157debe,0.0,0.0,0.0
фитнес для беременных,624840,70877efedd46d326d87de6fd,1.0,1.0,0.0
массажист после инсульта,625810,70987a197fef97ea563fad4b,1.0,1.0,0.0
снять баню,637770,70b60dd46c27a3e228d2d3f6,0.0,1.0,1.0
варка глушителя,643560,7164b8b030653c2746028fdc,1.0,1.0,0.0
продать мукулатуру картон цена 1 кг,107620,720c6a529c05962a2df91ae4,1.0,1.0,0.0
помощь студентам экономика,107621,72dffc7ad910ae1b22fd674f,1.0,1.0,0.0
удаление филлера,638570,72ea834afd605bcc19ee43d3,1.0,1.0,0.0
выкуп айфона,107620,7377b56e0a71ba3a461cbba1,1.0,1.0,0.0
смывка краски,641780,73a2b68439b0aff7aa995346,0.0,1.0,1.0
парикмахер на дому женский,640860,742d266127467f6d5b1d5b02,1.0,1.0,0.0
аренда зала для тренинга,653240,74a2844a3b78820d6ff7054d,1.0,1.0,0.0
юрист по недвижимости,656650,75ed5628991af5d46d3d6f5b,1.0,1.0,0.0
аренда для визажиста,628500,7725579b5e6d74aff2a1081b,1.0,1.0,0.0
аренда на час массажного кабинета,653240,77a5f3ca532f7c0d6034c964,1.0,1.0,0.0
изготовление ключей авто клбчей,654070,781306b17695672ad928cc46,1.0,1.0,0.0
распечатать листовки,625810,787d24f527d297c10f6fc9f1,1.0,1.0,0.0
модель на окрашивание бесплатно,645780,78c5bff3041d4e4f4db5bb89,1.0,1.0,0.0
резка металла,654070,78d63a85e7081c755fef8d77,1.0,1.0,0.0
стилист по подбору одежды мужской,662210,7903dd2c7a35f4ea6437cb41,1.0,1.0,0.0
табличка на заказ,640160,799171517b8476a6b0ea5878,1.0,1.0,0.0
еврозапил,652000,79fc4cbbc4ff22cc1c34146e,1.0,1.0,0.0
неоновые вывески,653240,7a15bf02f6ba7e1b264c6ad1,1.0,1.0,0.0
ремонт телевизора,637640,7b22e9c240d3a03e8c15a324,1.0,0.0,-1.0
наращивание волос биопротеин,637640,7b73f3942d9607b86235a700,1.0,1.0,0.0
обработка от клещей на участке,646600,7ba5f0369dc147b8d4ee6792,1.0,1.0,0.0
сбока мебели,653240,7ba93bc25e4fe979871ec788,1.0,0.0,-1.0
турбаза отдых,653241,7bb72566cf3c53dfbe1588cd,1.0,1.0,0.0
установка кронштейнов,621630,7c34086e19b15e57ac1687f8,1.0,1.0,0.0
гидроизоляция,661420,7cfe066eeffa2ab60a9fd001,1.0,1.0,0.0
прием аккумуляторов дорого,654070,7d31e8ca3976e5a547e4288b,1.0,1.0,0.0
покраска металлических дверей,629990,7d4b521e2ac627569cea3499,1.0,1.0,0.0
прошивка xbox 360,661420,7d591ef269b68b444db07a20,1.0,1.0,0.0
радиусная полировка металла,621540,7daa87a85b8d067f52bea016,1.0,1.0,0.0
аниматоры на выпускной детский сад,637440,7df9a62d5783a89d81ea54d9,1.0,1.0,0.0
справка о судимости,621540,7e1901e279b8f3b9ef5fcd33,1.0,1.0,0.0
установка кондиционеров монтаж,621540,7e7c056a0c2d470e9524b7ad,0.0,1.0,1.0
ремонт кровати,653240,7ebbf0b08c173474496537d9,1.0,1.0,0.0
мастер час,637680,7edc5309cf0b699f8c4b8d74,1.0,1.0,0.0
редактирование фото,649320,7ffd3584e04db934c54e51f6,1.0,1.0,0.0
учитель по гитаре,653240,80a7e2c5844bcf9527a97bf9,1.0,1.0,0.0
уничтожение крыс,621565,80d523bb93bfa7b501487644,1.0,1.0,0.0
изготовление мебели для балкона,650400,81c3f2f13b6582a265f1ca73,1.0,1.0,0.0
дезинфекция тараканов,661420,8224975af9ee43df86876ee5,1.0,1.0,0.0
замена стекла на межкомнатной двери,637640,82759d85a04c24bed33b6e4c,1.0,1.0,0.0
маникюр некрасовка,637640,82e0e21b3863c7ef2df69774,1.0,1.0,0.0
маркировка,637640,834078a5f5749d389117bb43,1.0,1.0,0.0
скупка холодильного оборудования,107620,83e85e8a5ddda1d4a2ad723a,1.0,1.0,0.0
аренда дозиметра,653240,841bdffe64240703919bab09,1.0,1.0,0.0
распил раскрой лдсп мдф,651110,845e3b2beee20a379b1937db,1.0,1.0,0.0
мастер класс свидание,637640,86316d0af26c5514376e5506,1.0,1.0,0.0
лофт с мангалом,107620,8653af9f7ed80840bfee228c,1.0,1.0,0.0
аренда авто бизнес,650400,871d8ce83ec2b2af57ac2cbf,1.0,1.0,0.0
шале,636160,87a2633445f78431f58517cf,1.0,1.0,0.0
филлеры,640860,87b67be4143f960bd4b77db3,1.0,1.0,0.0
регулировка алюминиевых окон,107620,88d66271f7a7fddec534f036,1.0,1.0,0.0
сиделка для пожилого человека,653265,89ed317f108ae6aa0609f49f,1.0,1.0,0.0
мелирование,623430,8ab063a9c9bcf1c3ff2818fc,1.0,1.0,0.0
ремонт тнвд японских,642320,8bf16f722ca164e8b30fdf57,1.0,1.0,0.0
откачка сливных ям,651840,8c6ee5fc01663a54d6897e5c,1.0,1.0,0.0
белый мишка поздравление,644200,8d35c5823405077e9f012e68,0.0,0.0,0.0
аренда манипулятора вездеход,653240,8ddfb6445b2cce182d5ad353,1.0,1.0,0.0
заберу старый диван,652000,8e6e11ab483d8c7ef83a278f,1.0,1.0,0.0
ремонт джойстиков ps5,624840,8ed6e2ace4562c84ca88d1af,1.0,1.0,0.0
укладка плинтуса,643560,8f79117237fad54807b67014,1.0,1.0,0.0
выпрямление волос,654070,90195234b46dfdae04586515,1.0,1.0,0.0
откачка ям,639660,9027ba7fd7918d9c6c6352a5,1.0,1.0,0.0
фура москва,641780,908cff12aa9755ce3d2c5e95,1.0,1.0,0.0
заливка фундамента,653407,913298ef4738ff5e0952eb9b,1.0,1.0,0.0
купирование ушей собаке,661420,926cbd4734609110085f167e,0.0,0.0,0.0
вскрытие замков автомобили,624770,92b4282cc04c950b2e144d47,1.0,1.0,0.0
ремонт форсунок,625810,92faf45da10cdaf347200c85,1.0,1.0,0.0
выкачка ям,652000,93b62364cc4aadd7336a9725,1.0,1.0,0.0
аренда пылесоса,659930,9474d6ac9f7cc21ea868ee70,1.0,1.0,0.0
ремонт усилителей,653040,9553cb442506a8b79af3ae27,1.0,1.0,0.0
вывоз мусора всеволожск,107621,95974c89a2bb662ec2510cfe,1.0,1.0,0.0
модель пампинг,646600,98eb99c430c2dfa8637364ad,0.0,0.0,0.0
семейный психолог,621540,990193111c4215249dbde32d,0.0,1.0,1.0
трансфер шереметьево,656901,996aaf584e18753e08a83377,1.0,1.0,0.0
ремонт скутеров yamaha,650400,997d214aa4d7b80f3759e9c1,1.0,1.0,0.0
заполнение декларации 3 ндфл,637640,99faf6c7639b7ff1d4347071,1.0,1.0,0.0
ремонт натяжных потолков,646600,9a07f4a1aa0f535e2828a2a9,1.0,1.0,0.0
утечка фреона,645920,9a13b4827e5318d3f4fc4dc5,1.0,1.0,0.0
предложение руки и сердца,653240,9a183e55b3b68cc84175ba58,1.0,1.0,0.0
настройка антенн,653240,9a3d5a53b0a5323bb94a7a5a,1.0,1.0,0.0
сборка велосипеда,642320,9a86b45a595d444c6d361ce1,1.0,1.0,0.0
оживление фото,628690,9a976f0d84371ebce67753ab,1.0,1.0,0.0
канекалон плетение,640860,9b2a43deab30e94445f964e2,1.0,1.0,0.0
торт заказать,632720,9b9fa0361a512061071051a5,1.0,1.0,0.0
тротуарная плитка,642320,9c72d7aa080126d8a71d2099,0.0,1.0,1.0
можель на педикюр,625670,9c9f9e7d8938a8f7ca569ea9,1.0,1.0,0.0
прокат лампы от желтушки,659020,9cedea637d38b8ef1e82fa8d,1.0,1.0,0.0
скупка старой техники,656350,9d5654589d6ef9cf033c26f2,1.0,1.0,0.0
прокол для водопровода,641780,9dc4ac7a212b35db9ca44e6e,1.0,1.0,0.0
ремонт лодочных моторов,643730,9e6d2ada0782a22ea7032aff,1.0,1.0,0.0
поменять аккумулятор на iphone,624360,9f9a1f08fb7debd4d816af3f,1.0,1.0,0.0
моторист,660630,a0469c5837fe871b9e4b2b68,0.0,0.0,0.0
постановка свадебного танца,107620,a048d65465601cb05afd2feb,1.0,1.0,0.0
доставка питьевой воды,628780,a069427bfa6cc662013d5b8d,1.0,1.0,0.0
прокат авто,661950,a08ac85a84fa108481c7f69e,1.0,1.0,0.0
психолог подростковый,630410,a0b62ce3d0a2213dfb420ada,1.0,1.0,0.0
курсовые работы,107620,a0c3e3b863e21b35d6e6e71f,1.0,1.0,0.0
инструктор по роликам,658080,a1a4ec0ad10f7f883d8cedd3,1.0,1.0,0.0
грумминг собак,635320,a268e6a88102b30ceb5a6023,1.0,1.0,0.0
прочистка дымохода печи,653040,a2f80e55541f0915dadbe3db,1.0,1.0,0.0
укладка плитки туалет,638760,a308d00e379ca86ff221dc98,1.0,1.0,0.0
девичник,653240,a3231fbc60e127061d75010d,1.0,1.0,0.0
виброрейка,654070,a39864e3cea42b355c2c9dd2,1.0,1.0,0.0
обои отделка ремонт,652000,a3cc8d466d1f89de80b6456f,1.0,1.0,0.0
ремонт алмазных коронок,650400,a4baaa03aa6f960bf21f1880,1.0,1.0,0.0
установить забор из профлиста,637640,a4e198cf3b7e82e36d882615,0.0,0.0,0.0
установщик дверных замков,637640,a5b1629ba0165c1a5ce0f4ae,1.0,1.0,0.0
запись голоса на гендер пати,660410,a6a7628e04086f689440ba98,0.0,1.0,1.0
обучение окрашивание сложное окрашивание,662210,a6b7943907195c5add4261e7,1.0,1.0,0.0
шары с днем рождения,650400,a6e7048ef14679cb8a4a620d,1.0,1.0,0.0
ремонт подогрева сидений,640310,a75f3e353dac3a9a661df6c2,1.0,1.0,0.0
баня на воде,653040,a84237d1605706f79d39fcff,1.0,1.0,0.0
реформер пилатес,107620,a91be5abfa649bb04c9bb263,1.0,1.0,0.0
ремонт macbook,638920,a9e0cfd0f98efb0067f25538,1.0,1.0,0.0
а фрейм,633540,aa7522790fe287e3808af96e,0.0,0.0,0.0
карвинг волос,637641,aaefe1c98365dd134cac19f6,1.0,1.0,0.0
антикор,658080,abe1f9a09335f2af44f20796,1.0,1.0,0.0
куплю отходы пластмасс,644200,ac1b1a875c1d23305c82a3fd,0.0,1.0,1.0
шенгенская виза,637640,ac266c2732ec31f1c51bc345,1.0,1.0,0.0
видеонаблюдение,643560,acbfe58b3c69776b0be0774f,1.0,1.0,0.0
штукатуры,637640,ad0450299e7e57d5bf9dbc6c,1.0,1.0,0.0
английский язык репетитор,621540,ae0fc9c1f3fe953f6175a750,0.0,0.0,0.0
гипсокартонщик,653040,af15efdca93915ff7088f4c9,1.0,1.0,0.0
нанопластика волос,650400,afdf37a81715965a7e8a3bf5,1.0,1.0,0.0
теплая беседка,641780,afe6673736498c21f8ba4854,1.0,1.0,0.0
поздравление от мишки,646600,b04fabcc9b54c2c403a371e7,1.0,1.0,0.0
скупка балонов с фреоном,637640,b176f38a68724e5561ea194b,1.0,1.0,0.0
свой человек в городе,621585,b2d4d02d9582a719f3d79fde,1.0,1.0,0.0
ремонт компьютеров,654070,b2f004a6b13385dda416bfe9,1.0,1.0,0.0
goofish,660250,b36f3bec3d392cb468023c19,1.0,1.0,0.0
диагностика газового оборудования на автомобиль,631870,b3e1059fa2d1f9c754c4e8d9,1.0,1.0,0.0
фотограф гагры,900002,b3f45534670327f5e88d02b8,1.0,1.0,0.0
набор текста,642790,b3fa9c1261a0af7ef16bf8a8,1.0,1.0,0.0
реставрация столешницы из дсп,637640,b401b31ff86a26b815e57e35,1.0,1.0,0.0
озонирование,630090,b4e601fbf68ede7aefac84f6,1.0,1.0,0.0
коррекция заикания,656901,b55a1b9df80c92902287a9fa,1.0,1.0,0.0
установка замка,637640,b5bcfb2cb179fb3274a2b9a7,1.0,1.0,0.0
сурдопедагог,646710,b5ea9107b02362ce15c76c7c,0.0,1.0,1.0
спа отдых для двоих все включено,107621,b636c402b17285e0db1b405d,1.0,1.0,0.0
точка на яндекс картах,637640,b64cef45829e54129d6e1c2b,1.0,1.0,0.0
банкетный зал,640860,b6d2c4ce97352fdddab2ce12,1.0,1.0,0.0
реставрация мебели дуб,637640,b7921840f9beea4610f75918,1.0,1.0,0.0
баня,636030,b7ab719d2317c569daa8a5a6,1.0,1.0,0.0
ремонт водонасосной станции,637640,b81c0fd20cc8dd23194b3abc,1.0,1.0,0.0
аренда автомобилей,661790,b8f8e1ca5308ea8e9f709f48,1.0,1.0,0.0
восстановление автоключей,653040,b94f0c64f818a027373eba47,1.0,1.0,0.0
немецкий язык,621540,b9810063cd155f7b1674bc8b,1.0,1.0,0.0
ремонт инструмента,650400,b9e3ce876148d2c5abbcd72d,1.0,1.0,0.0
ремонт стеклопакетов,637640,baa9e8e642891cb25caf96ac,1.0,1.0,0.0
трактор вспашка,638400,baefaad3e2ebb3a0aaf79e06,1.0,1.0,0.0
скупка комплектующих пк,107620,bb3c105f7cc1921a0cc80465,1.0,1.0,0.0
стирка ковров,625810,bbb57f0eaf5acaff50a0d2d5,1.0,1.0,0.0
косплей швея,637640,bdc9bedf36d10200bd03ba02,1.0,1.0,0.0
гриль домик аренда,641780,bee3d8c3c9e8f5e87aaa461e,1.0,1.0,0.0
мастер по мебели,646600,bf1f859b83514eba6f377afe,1.0,1.0,0.0
сварка аргоном чугуна,637640,bfcf3203e8b98506f1f869e4,1.0,1.0,0.0
трансфер новосибирск горно алтайск,641470,c07610636835599df5466141,1.0,1.0,0.0
подсобники разноробочие,107621,c09baef4e47fe4b56377ffbf,0.0,0.0,0.0
изготовление изделий из резины,661420,c1439565b0473c532856e719,1.0,1.0,0.0
экскаватор мини,645630,c1e59184117a802281eb90ef,1.0,1.0,0.0
бензиновый копер аренда,107620,c1f44dbc7f0022ace0e74838,1.0,1.0,0.0
репетитор начальных классов бабушкинская,637640,c1fc36becc5b8dd4d0828e97,0.0,0.0,0.0
шью на заказ,653700,c20e984f2dc80f6dff77ae1b,1.0,1.0,0.0
ремонт компрессоров кондиционера,653240,c272e69b812dabfc4686352d,1.0,1.0,0.0
печать наклеек на авто,637640,c3218405b2dfa586869374e2,1.0,1.0,0.0
грузчики на час,631270,c337e81f6834c94ece1c1c2b,1.0,1.0,0.0
проект квартиры по свету,652000,c3c16d40a04009037bb314e9,1.0,1.0,0.0
компании по внедрение ка,639180,c40bfc538602a1573e69ceee,1.0,1.0,0.0
установить плинтуса,637640,c534f957e563d824a455ff5b,1.0,1.0,0.0
шлифовка бетона вертолетом,653240,c558fcfbed392e6663eca744,1.0,1.0,0.0
ремонт и установка сплит системы,624850,c59a4651762a7672a467ab1d,0.0,1.0,1.0
настройка роутера keenetic,654070,c61b7b6f65d4faca5a7ce321,1.0,1.0,0.0
аренда питбайка,646600,c6730b17daf33674ef288ca9,0.0,0.0,0.0
разблокировка загрузчика xiaomi,629430,c680827f60576dcac6eb2b6d,1.0,1.0,0.0
грузчики ялта,621576,c707e64f4b821305cf7de8da,1.0,1.0,0.0
тонировке,659020,c732eae9bc9ed47e389732a7,1.0,1.0,0.0
аэрография на шлем,107620,c7ddd6792d38cca948d8255e,1.0,1.0,0.0
написание дипломных работ,654070,c85d6f6742cf4e0f29492f22,1.0,1.0,0.0
свадебный фотограф,638110,c8ba1615c891b191bb820fc1,1.0,1.0,0.0
изготовление откатных ворот,653241,c8c40505df3482d02717c09d,1.0,1.0,0.0
аренда строительных лесов,630530,c8ca3b0bec164a80376401a0,1.0,1.0,0.0
ремонт замков дверей,635430,c94b387a1604d2554241fdc9,1.0,1.0,0.0
сетки на окна,640860,ca837115bc1e0a92f7b4d4eb,1.0,1.0,0.0
эндоскоп аренда,644200,ca98f22be0d5c840eabcccea,1.0,1.0,0.0
мастер по розеткам,660610,cac17f20e87d60272cf6e1d4,0.0,0.0,0.0
тренер по конкуру,637640,caf0740a9a57393bc354f767,1.0,1.0,0.0
копка траншей вручную,650520,caf35972f1f3d8850d6c0f39,1.0,1.0,0.0
массаж на двоих,653240,cbe98f9005e8b111405f2854,1.0,1.0,0.0
вывоз мусора и металлолома,661410,cc2174f201cadfea1ec24ee5,1.0,1.0,0.0
установка печей,641050,cc562323fcf466509d79ef2c,1.0,1.0,0.0
взлом замков авто,640860,cc69219a0137699e19576b8a,1.0,1.0,0.0
отделка стен,630090,cc8e0fc0c323be3060dad4e6,1.0,1.0,0.0
изделия из эпоксидной смолы,651180,cce70fff35c67e22086a6cab,1.0,1.0,0.0
повторная подписка на xbox.,621540,ccffbc01883e12a91e7724c3,1.0,1.0,0.0
свидание гостиница,637640,cd23ec342b91402d822be4b9,1.0,1.0,0.0
аренда помещение для стриптиза,637640,cdd081eb1ff9b450f73532cf,1.0,1.0,0.0
срочная типография,637640,ce0b582a04667435deedef92,1.0,1.0,0.0
автоинструктор,656830,ce1bb4a30782aed7c19ee479,1.0,1.0,0.0
3d max,653240,ce6d1e0d993058062eead387,1.0,1.0,0.0
доставка из финляндии,621540,cedd51c8dbcae05f32618e16,1.0,1.0,0.0
раслабляющий массаж для мужичина,650130,cf0fb2e6e8aca6a50d417e74,1.0,1.0,0.0
косметолог,107620,cf5d6ac68562456ac7cd7205,0.0,0.0,0.0
междугородние пассажирские перевозки недорого,624300,cff182a30494f314bcffbaca,1.0,1.0,0.0
ремонт душевых поддонов,637640,d0f9855f291de64971de90fc,1.0,1.0,0.0
готовые обеды доставка готовой еды,662810,d1b0c62749fc0a4bbb8d7806,1.0,1.0,0.0
ланшафтный дизайн участка,624490,d2f4be41b7eacd0717deb7a5,1.0,1.0,0.0
ремонт китайских входных дверей,621630,d3020a9cf1ebaa0092acd7ae,1.0,1.0,0.0
реабилитация после перелома на дому,653240,d383c107da51e0f37f353eaa,1.0,1.0,0.0
катер на соловки,648120,d387a2e2936c34a839d956f1,1.0,1.0,0.0
куплю стиральные машины на запчасти,107620,d3abe8f012a896a187ec9882,0.0,1.0,1.0
фотосессия на годик,637640,d3bb6a81a3e92a0b81a8456e,1.0,1.0,0.0
удаление растяжек,633540,d3d4a5c5e05c4ecf03d2fac4,0.0,1.0,1.0
конная прогулка,637640,d3dc24a93bfe146647bb5b9e,1.0,1.0,0.0
подъем домов,637640,d406d9108d605591d914a897,1.0,1.0,0.0
трансфер из аэропорта,633540,d49a2f0f62c1ca99642061b8,0.0,0.0,0.0
видеограф на свадьбу,624840,d4cf9813d7bbcad4ced3b7bd,1.0,1.0,0.0
дизайнерский ремонт,650510,d4d455c731c75866efd8806f,1.0,1.0,0.0
бурение колодцев машиной,107621,d4e991615e27adedc00238f8,1.0,1.0,0.0
лифтинг лица,637640,d5aed5975ebe46386d602ece,1.0,1.0,0.0
балансировка турбин,658080,d5d395bbf3cc67b4736ecab0,1.0,1.0,0.0
замена матрицы телевизора,637640,d5ee4116dd88e28663893033,1.0,1.0,0.0
автоэлектрик газель,637640,d6301ac2b846fa1956c6bc68,1.0,1.0,0.0
расконсервация бассейна,653241,d703c660ee9cd99e851a14ee,1.0,1.0,0.0
логопед для подростка,637640,d7bf46985f29bfd910dfec59,1.0,1.0,0.0
статуэтки на заказ по фото человека,646600,d7cd4a01c5ea9068a4234f7c,1.0,1.0,0.0
брусчатка,643190,d85039015297b516a121c995,1.0,1.0,0.0
перевозка мебели с грузчиками,633220,d863b77ba788563f71879615,1.0,1.0,0.0
ремонт складных ножей,637640,d98cd485998a04e20d495f7b,1.0,1.0,0.0
перевозка автомобилей автовозом,630090,d9ad62035649aadcacebb5bb,1.0,1.0,0.0
сборка кухни леруа мерлен,637640,dac291a7f5af17bd010436ca,1.0,1.0,0.0
стрижка каскад,107620,dac3ce6dcc6ab4a2b376508c,1.0,1.0,0.0
установка бризера,646600,db3e3a7396e1d8db2f3977fc,1.0,1.0,0.0
завивка волос мужская,107621,dbb1fc84ac5061953e0a0cbc,1.0,1.0,0.0
велосипед на прокат,654070,dc02e3a787d3e8d8258010c8,1.0,1.0,0.0
услуги плотника бурцево,640860,dc8fd19634fc54421bd0f112,0.0,0.0,0.0
крот для канализации,660711,dd26f012f8d3079565620736,1.0,1.0,0.0
откосы на окна,653040,ddb664d2edcaa3bb9e2e019a,1.0,1.0,0.0
фотограф беременных,638920,ddd93bd67b092b318ab1c15f,1.0,1.0,0.0
оцифровка видеокассет,629990,df84311bef1e0718e0e3ab2d,1.0,1.0,0.0
ютуб премиум,637640,dfa99ec1020019d0c4a11a89,1.0,1.0,0.0
ремонт варочных поверхностей,643560,dfe9b838f5e14ff0e7a78543,1.0,1.0,0.0
такелажные работы,640160,e06eafcf332955f002d8e281,1.0,1.0,0.0
ремонт кровли жидкой резиной,653040,e18b88336b58be1fb426aa38,1.0,1.0,0.0
копка траншеи,640310,e2df8fae7971556a33cdf090,1.0,1.0,0.0
строительство бункеров,653240,e3159eafb8788f913799b8af,1.0,1.0,0.0
пайка электроники,646600,e3b41c1ec9ccfb2f4127edfd,1.0,1.0,0.0
ремонт видеокарт,636160,e3c6ddfd027b26d5257d11e1,1.0,1.0,0.0
услуги минитрактора,662530,e49bf4f131c15531e18bc6fb,1.0,1.0,0.0
трезвый водитель,656630,e4c1fcea13cd2b09c2aba4e9,1.0,1.0,0.0
репетитор математика 6 класс очно,644200,e58ecf23860e6463d63536bc,1.0,1.0,0.0
инженер проектировщик,621540,e5c07dde6a6f335150694887,0.0,0.0,0.0
рекультивация земель,662810,e6118e0cb88436984c54d6b8,0.0,1.0,1.0
расточка коленвала,631870,e619bdecacab22c1baa6324d,1.0,1.0,0.0
копщики земли,631870,e6a1ebe5dbf2ca5df0844e6e,1.0,1.0,0.0
газификация частного дома,656350,e6baea90fb96c96bf59447a7,1.0,1.0,0.0
массаж сормово,640860,e7033ddfaaf232a1b1f1b912,1.0,1.0,0.0
тренер по фитнесу в зале,661420,e75d8d83121381115f49b88d,1.0,1.0,0.0
помощь в оформлении визы,653240,e78b7a9b37c2e4b891aff2a5,1.0,1.0,0.0
монтаж камер видеонаблюдения,652000,e79507500a3501bae3a4b21a,1.0,1.0,0.0
аренда столов,626080,e7b1307462c6053b5cee33e0,1.0,1.0,0.0
гид экскурсовод экскурсии,630090,e7cca20e8311d385b9374902,1.0,1.0,0.0
сайта под ключ,637640,e85cf12a59937b00222ebd99,1.0,1.0,0.0
заказать минивэн,633540,e8b1cbb48bfd2aaa5c7b9e4a,1.0,1.0,0.0
русификация mazda,623430,e9092d5641ed4d7099fb324b,1.0,1.0,0.0
промывка кондиционера автомобиля,634640,e9a2e656efa7c73830cf30be,1.0,1.0,0.0
баня на колесах,646110,e9f1435a49a8170a7798b686,1.0,1.0,0.0
шоу мыльных пузырей для детей,658080,e9f80d71d45f38b979e45001,1.0,1.0,0.0
водопроводчик,653240,ea78c383d7c05042ad5b1259,1.0,1.0,0.0
смм инстаграмм,653240,eab38f11ae61c773131c0cc2,1.0,1.0,0.0
мужская депиляция шугаринг,653240,ead828fe98f2beebd865a9b8,1.0,1.0,0.0
отдых для двоих,653241,eb0c238b6fbced82bcd6f882,0.0,0.0,0.0
мастер дверей,641780,eb10069257b9b1d827a59ccc,1.0,1.0,0.0
модель на шугаринг,633540,ebd32c715d27403d14945992,1.0,1.0,0.0
баня бочка аренда,646110,ebe0e014f067a6ff03a016ea,1.0,1.0,0.0
фулфилмент для маркетплейсов,661420,ec2b298e79fd568fa20a5d74,1.0,1.0,0.0
акт проверки дымоходов и вентканалов,640860,ecee1c36b5a0fe756f11c079,1.0,1.0,0.0
выкуп playstation,637640,ecfba7b52e72e6d15120e755,1.0,1.0,0.0
выкуп компьютеров,624840,edceb6b5e60cace01545db08,1.0,1.0,0.0
штроборез аренда,658080,ee5f322fa97b8a1f19d6ad7b,1.0,1.0,0.0
упаковка на заказ,637640,eff5bd417a1476ce2d146a06,1.0,1.0,0.0
сушка натяжных потолков,646600,f0977ff2473534f2b35b7115,1.0,1.0,0.0
шары на выписку,652430,f09ad418b5fa2c49f7c03798,1.0,1.0,0.0
печать постеров,623130,f1be6f85ec7264d02ab36f4d,1.0,1.0,0.0
сублимационная печать,107620,f1f37f99ca6897f2f42db44d,1.0,1.0,0.0
создание чат ботов в telegram,637640,f2e1547df1b5cbaab7db4ad1,1.0,1.0,0.0
услуги погрузчика,660480,f392ad13d680282948d59f80,1.0,1.0,0.0
развозка сотрудников,646600,f3a411c853fa04afb1fb34ab,1.0,1.0,0.0
кисон для скважины,638330,f3c1a4844518cea4c535ef25,1.0,1.0,0.0
прическа и макияж на дому,653240,f3d309831f96c4ba8969b1eb,1.0,1.0,0.0
ассенизатор,621540,f464a0d187e583fb92dfac3d,0.0,0.0,0.0
переустановка windows на дому,637640,f50abd8095aaaa741f6069f8,0.0,1.0,1.0
масло отработка куплю,652000,f5245512e493de11920c7c48,1.0,1.0,0.0
логотип на шариках,653240,f59bd10781a62a7c814f555f,1.0,1.0,0.0
установка магнитного замка на входную дверь,659200,f59e62a241f8381534d57134,1.0,1.0,0.0
ремонт сколов,623110,f5a72f6a42429ae33a2cb6be,1.0,1.0,0.0
ремонт монтажных пистолетов,641470,f5ab10663e17a06c132592a3,1.0,1.0,0.0
укладка вечерняя,653240,f5f154fda63a4aac7d8fa697,1.0,1.0,0.0
ремонт бензо техники,640770,f5f7e3635f66b3169fcc36c7,1.0,1.0,0.0
чистка playstation 5,662210,f6f23be40f90d3db6ca14ae5,1.0,1.0,0.0
печь для обжига керамики,633540,f843f91c79368b834fe6ce43,1.0,1.0,0.0
тренер кс2,653240,f8cd1ec40960d18ea939cf22,0.0,1.0,1.0
аренда миниэкскаватора,630280,f95d5b0418babe5294c0636d,1.0,1.0,0.0
дизайнер интерьера,653240,f99b639be0adcf095aac80a5,1.0,1.0,0.0
фотомодель,624280,fa10ac517e6aaa9b2f9c8dad,1.0,1.0,0.0
вкладыш в ванну,637640,fa50e97826865518d4f7c24d,1.0,1.0,0.0
ремонт стиральных машин miele,107620,fa7b7183a06580c20ac93520,1.0,1.0,0.0
починка дивана,653240,faa2893eb568216756fb95dc,1.0,1.0,0.0
полировка колец,653240,fb39c3c120ec6311c6407132,1.0,1.0,0.0
юрист призывникам,650400,fb6193b1d6d0b391ee350706,1.0,1.0,0.0
сварочные работы сантехника и отопление,623880,fb833527e3e085e7ae3cc4eb,1.0,1.0,0.0
мусорный контейнер химки,639740,fb8d7ae00fe70fedd2c6cc81,1.0,1.0,0.0
оформление участка от государства,625810,fb9648fba3310e96e7ab82a5,1.0,1.0,0.0
разбор ветхих домов и построек,659300,fba15482fc60ca699ba2e1aa,1.0,1.0,0.0
перетяжка руля автомобиля,662530,fc1c27c6447c00a17d8dfc54,1.0,1.0,0.0
боди массаж,638120,fc3deae4bba82e7d879ef7c7,1.0,1.0,0.0
пошив чехлов на диван,654070,fc591cd79ab34a1211b75926,1.0,1.0,0.0
утепление кабины грузового авто,653140,fd1a904522280ccbadafa257,1.0,1.0,0.0
аренда автобуса перевозка детей,637640,fd41d70ebf7c59b0f6c0899e,1.0,1.0,0.0
батут,657600,fe6729ed7e2a238d69765409,1.0,1.0,0.0
изделия из оргстекла,654070,fe8b3da391331cd7ab9aba77,1.0,1.0,0.0
кран манипулятор 10 тонн стрела,624840,fead1da2b8c91b4bcbeaa4fc,1.0,1.0,0.0
копка+вручную,659020,feebb7374ea4aa5d55c5851a,1.0,1.0,0.0
прокат лодок,648070,ff58c4f4273d5d59af3ea6d4,1.0,1.0,0.0
