shortlist,weight,unseen_text_recall50,unseen_text_shortlist_recall,held_context_recall50,held_context_shortlist_recall,mixed_recall50
300,0.0,0.9358333333333333,0.9825,0.9525,0.9925,0.9420595432300163
300,0.02,0.9358333333333333,0.9825,0.9525,0.9925,0.9420595432300163
500,0.0,0.9358333333333333,0.9883333333333333,0.9525,0.9925,0.9420595432300163
500,0.02,0.9358333333333333,0.9883333333333333,0.9525,0.9925,0.9420595432300163
300,0.05,0.9341666666666667,0.9825,0.955,0.9925,0.9419494290375203
300,0.1,0.9341666666666667,0.9825,0.955,0.9925,0.9419494290375203
500,0.05,0.9341666666666667,0.9883333333333333,0.955,0.9925,0.9419494290375203
300,0.2,0.9358333333333333,0.9825,0.95,0.9925,0.9411256117455138
500,0.1,0.9325,0.9883333333333333,0.955,0.9925,0.940905383360522
500,0.2,0.9325,0.9883333333333333,0.95,0.9925,0.9390375203915171
300,0.4,0.9308333333333333,0.9825,0.945,0.9925,0.9361256117455137
500,0.4,0.9308333333333333,0.9883333333333333,0.9425,0.9925,0.9351916802610113
