name,title,body,char,filter,geo,micro,development_recall50
hybrid_19,0.3,0.5,0.2,0.03,0.5,0.5,0.8671428571428571
hybrid_18,0.3,0.5,0.2,0.03,0.5,0.0,0.8666666666666666
hybrid_21,0.3,0.5,0.2,0.03,1.0,0.0,0.8652380952380951
hybrid_22,0.3,0.5,0.2,0.03,1.0,0.5,0.8642857142857143
hybrid_25,0.3,0.5,0.2,0.03,2.0,0.5,0.8607142857142858
hybrid_23,0.3,0.5,0.2,0.03,1.0,1.0,0.8592857142857143
hybrid_26,0.3,0.5,0.2,0.03,2.0,1.0,0.855
hybrid_11,0.5,0.3,0.2,0.03,1.0,1.0,0.8542857142857143
hybrid_14,0.5,0.3,0.2,0.03,2.0,1.0,0.8542857142857143
hybrid_24,0.3,0.5,0.2,0.03,2.0,0.0,0.8516666666666666
hybrid_10,0.5,0.3,0.2,0.03,1.0,0.5,0.8514285714285714
hybrid_13,0.5,0.3,0.2,0.03,2.0,0.5,0.8478571428571429
hybrid_38,0.65,0.2,0.15,0.03,2.0,1.0,0.8471428571428572
hybrid_34,0.65,0.2,0.15,0.03,1.0,0.5,0.8457142857142858
hybrid_7,0.5,0.3,0.2,0.03,0.5,0.5,0.8442857142857143
hybrid_35,0.65,0.2,0.15,0.03,1.0,1.0,0.8414285714285714
hybrid_9,0.5,0.3,0.2,0.03,1.0,0.0,0.8395238095238095
hybrid_37,0.65,0.2,0.15,0.03,2.0,0.5,0.8392857142857143
hybrid_20,0.3,0.5,0.2,0.03,0.5,1.0,0.8357142857142857
hybrid_6,0.5,0.3,0.2,0.03,0.5,0.0,0.8352380952380952
hybrid_12,0.5,0.3,0.2,0.03,2.0,0.0,0.833095238095238
hybrid_33,0.65,0.2,0.15,0.03,1.0,0.0,0.8247619047619047
hybrid_8,0.5,0.3,0.2,0.03,0.5,1.0,0.8171428571428572
hybrid_36,0.65,0.2,0.15,0.03,2.0,0.0,0.8169047619047618
hybrid_31,0.65,0.2,0.15,0.03,0.5,0.5,0.8128571428571428
hybrid_32,0.65,0.2,0.15,0.03,0.5,1.0,0.7892857142857143
hybrid_30,0.65,0.2,0.15,0.03,0.5,0.0,0.7847619047619047
hybrid_15,0.3,0.5,0.2,0.03,0.0,0.0,0.42314285714285715
hybrid_16,0.3,0.5,0.2,0.03,0.0,0.5,0.4174285714285714
body_bm25,0.0,1.0,0.0,0.0,0.0,0.0,0.4141428571428571
hybrid_17,0.3,0.5,0.2,0.03,0.0,1.0,0.3924285714285714
hybrid_4,0.5,0.3,0.2,0.03,0.0,0.5,0.38123809523809526
hybrid_28,0.65,0.2,0.15,0.03,0.0,0.5,0.36838095238095236
hybrid_3,0.5,0.3,0.2,0.03,0.0,0.0,0.36838095238095236
hybrid_5,0.5,0.3,0.2,0.03,0.0,1.0,0.3676666666666667
hybrid_29,0.65,0.2,0.15,0.03,0.0,1.0,0.3576666666666667
hybrid_27,0.65,0.2,0.15,0.03,0.0,0.0,0.3555238095238095
title_bm25,1.0,0.0,0.0,0.0,0.0,0.0,0.2843809523809524
char_tfidf,0.0,0.0,1.0,0.0,0.0,0.0,0.26361904761904764
