search_query,search_location_id,context_key,baseline_recall50,selected_recall50,lexical_pool_recall,hybrid_pool_recall,gained_ids,gained_titles,missed_ids,missed_titles
мини самосвал,623430,0031277eb2b7e24cdf5bc369,1.0,1.0,1.0,1.0,,,,
поклейка обоев  линолеум,640860,007e2a7c1350cc80e5953abd,1.0,1.0,1.0,1.0,,,,
аренда трактора,621585,00fb4bbd911bbc51a650af07,1.0,1.0,1.0,1.0,,,,
копка земли культиватором,631500,01a8f7eb36a10adb507839a0,1.0,1.0,1.0,1.0,,,,
сахарная печать,634450,01ce3eebcd62548adbebcf4b,1.0,1.0,1.0,1.0,,,,
аренда помещения для массажа,107620,01d8dbdd36426c860cca66e6,1.0,1.0,1.0,1.0,,,,
оклейка обоев,107620,01f47e6c9805100109409cfc,1.0,1.0,1.0,1.0,,,,
катер на валаам,648290,03308d10ce8359cb9c7b8a3e,1.0,1.0,1.0,1.0,,,,
вывоз старой мебели,648220,033549c0482c42afc073db36,1.0,1.0,1.0,1.0,,,,
услуги манипулятора,654040,038c303045fd7685aa4f0d1f,1.0,1.0,1.0,1.0,,,,
стекло на дверь,647420,03da1078d02ae50adde17b6d,1.0,1.0,1.0,1.0,,,,
аренда бани,646110,046e9cb9a06fe3d873592bd2,1.0,1.0,1.0,1.0,,,,
сайдинг,637350,047687aa12de4ca9d249f32b,1.0,1.0,1.0,1.0,,,,
помощь 1с,107620,050dee446310e76e84c72b22,1.0,1.0,1.0,1.0,,,,
продвижение соц сетей,637640,053ca49e57062b9fb10a151e,1.0,1.0,1.0,1.0,,,,
вечерние прически,637640,0608089af5b82dd46f4180df,1.0,1.0,1.0,1.0,,,,
возьму попутный груз,660630,07654cd7da64422caa4ba9c1,1.0,1.0,1.0,1.0,,,,
ламинирование бровей,107620,07fbc4b4c8f809aa66967a80,0.0,0.0,1.0,1.0,,,5a1b7b66b58e1dc9,Ламинирование ресниц
оформление загранпаспорта быстро,629770,08340e14593d6b9e601a42bb,1.0,1.0,1.0,1.0,,,,
биозавивка волос,641780,0840144747f289d016422696,1.0,1.0,1.0,1.0,,,,
организатор свадьбы,646600,0878173b5482f00d22e1e1e0,0.0,0.0,1.0,1.0,,,773947bb48e773b9,Свадебный организатор / координатор
грузоперевозки фура,653241,08d0cb0dde3f229eb4657f00,1.0,1.0,1.0,1.0,,,,
наружная реклама,622170,08daf3a0b3e2413be5c65286,1.0,1.0,1.0,1.0,,,,
инструктор по вождению марьино,107620,08fc317316f06ff9e1b984ce,1.0,1.0,1.0,1.0,,,,
вывоз старых дверей,653240,0992e89333c38dce7fc90622,1.0,1.0,1.0,1.0,,,,
покраска авто,621630,09c66d04b07e8e3bff2b3188,1.0,1.0,1.0,1.0,,,,
поменять смеситель на кухне,634450,0a2e6fe090dd071da25e379e,1.0,1.0,1.0,1.0,,,,
бокс для взрослых,623110,0aa14e699035fe521537148f,1.0,1.0,1.0,1.0,,,,
замена люстры,630680,0b7d9e6417debfa68759c380,1.0,1.0,1.0,1.0,,,,
мастер по ремонту пластиковых окон,647420,0c19dd0efc341cc6a8f91445,1.0,1.0,1.0,1.0,,,,
квартирные переезды,659020,0cf4a53115e8e79d28127b77,1.0,1.0,1.0,1.0,,,,
аренла строительного оборудования,651510,0d327ad78317ec393c99a948,1.0,1.0,1.0,1.0,,,,
прополка травы уборка участка,623130,0d8555b56a47de110132b322,1.0,1.0,1.0,1.0,,,,
перетяжка мебели,629990,0dae01ab27182f194951f790,1.0,1.0,1.0,1.0,,,,
замок дверной,662420,0e677dda6a2c51db61194eda,0.0,1.0,0.0,1.0,171fed189d57bb09,Мастер на час,,
планировочное решение,629770,0e9a7c7156447e40391a6a26,1.0,1.0,1.0,1.0,,,,
доставка казахстан,637640,0ea7732a438b8800d35f33ce,1.0,1.0,1.0,1.0,,,,
обивка дверей,629990,0fb1f51cfdcc97140f25fedb,1.0,1.0,1.0,1.0,,,,
косить траву,623130,0fb5931800a61d8f21b3c12a,1.0,1.0,1.0,1.0,,,,
ремонт айфона недорого,650400,10614be754727a0751028d00,1.0,1.0,1.0,1.0,,,,
доставка дивана,653240,111ba2437f62de53b8ca0b6c,1.0,1.0,1.0,1.0,,,,
литье из мельхиора,107620,1126bdb4965876c8dbe8df99,1.0,1.0,1.0,1.0,,,,
подшить одежду,653240,119e8e5a524faa68bfb8e1dd,1.0,1.0,1.0,1.0,,,,
устранить засор,653240,11e4831c9dfa5e0b33f2e410,1.0,1.0,1.0,1.0,,,,
услуги парикмахера плетение кос,621540,12b97ad16c8b0c75d6440735,1.0,1.0,1.0,1.0,,,,
установить входную дверь,653240,1381384298f6dfb349e8b60d,1.0,1.0,1.0,1.0,,,,
ремонт гаража под ключ,637640,153e5110bf8e754769bc1ad3,1.0,1.0,1.0,1.0,,,,
свадебный рилс мейкер,652000,15ad116956e19ea722cb5bb5,1.0,1.0,1.0,1.0,,,,
ии мульт,653240,163f454f7f2a30104ca7cfca,1.0,1.0,1.0,1.0,,,,
покраска волос,624360,16572144172a16d1daea1301,1.0,1.0,1.0,1.0,,,,
установка котлов,623430,166cfe641ccb69122a186022,1.0,1.0,1.0,1.0,,,,
поклейка обоев,622500,16fc9886a058bb5724951fe3,1.0,1.0,1.0,1.0,,,,
монтаж забора,631880,17edcf965bcc55ce2d928f16,1.0,1.0,1.0,1.0,,,,
бармен на свадьбу,653240,18207f4a05abedbc6bce8369,1.0,1.0,1.0,1.0,,,,
сборка шкафа купе,107621,18d04e36ccef6c191f685749,0.0,0.0,1.0,1.0,,,3c93adb422c4e6ac,Сборка И ремонт мебели
теплый бассейн аренда,633540,192e90a7c4d812cc4a70183d,1.0,1.0,1.0,1.0,,,,
перевозки межгород такси,662420,196344af794c3a46143f9a8e,1.0,1.0,1.0,1.0,,,,
монтаж межкомнатных дверей,652000,19b954aa8a7f0f203fb82cd3,1.0,1.0,1.0,1.0,,,,
отдых в домике,633540,1a0e2eb771da5bee98083e29,1.0,1.0,1.0,1.0,,,,
покраска автомобиля,621590,1a623b477b171a26f4977086,1.0,1.0,1.0,1.0,,,,
приемка квартир по реновации,107620,1a7ada21a598dc7a8b496ee3,1.0,1.0,1.0,1.0,,,,
ремонт паркетной доски,637640,1b3a40e79de26644e877c4d7,1.0,1.0,1.0,1.0,,,,
замена стекла iphone 13,661420,1b46e5a40ab4ccc508f67c89,1.0,1.0,1.0,1.0,,,,
дрель алмазная аренда,653240,1b7092fc1c50a8caf01f67c7,1.0,1.0,1.0,1.0,,,,
репетитор по английскому языку станкевич,637640,1b772eff974cbf08e33b9f7f,0.0,0.0,1.0,1.0,,,e1d9d6eb2ff6b4ed,"Репетитор англ, испанский, португальский, немецкий"
печать фотополимерной смолой,621540,1b7df87e82cda8ed236ff14b,1.0,1.0,1.0,1.0,,,,
ремонт электроплит,653240,1ca3dca6c5afbe9739819d93,1.0,1.0,1.0,1.0,,,,
выкуп iphone,641780,1d89e8968f03e5b15458b7cd,1.0,1.0,1.0,1.0,,,,
место под вендинг,621565,1de8fffbabb3c847b4619def,0.0,0.0,0.0,0.0,,,356907011764cd79,Офисные помещения в аренду 1 линия Симферополь
ремонт тепловизоров,636160,1e17e85406c69f64778ea42d,1.0,1.0,1.0,1.0,,,,
перепрошить андройд магнитолла,625390,1f4fb8e80d55fc191e7e0bdb,1.0,1.0,1.0,1.0,,,,
нейропсихолог,625810,1f92d125369d24fb990a6523,1.0,1.0,1.0,1.0,,,,
модель на маникюр,642790,1fe2d8716ebd77cdd67e8298,1.0,1.0,1.0,1.0,,,,
скупка катализаторов,662812,204e9c4d8a995f8159c2080f,1.0,1.0,1.0,1.0,,,,
репетитор по истории,621585,208cf3bf92710c1d7bcaa73a,1.0,1.0,1.0,1.0,,,,
прием радиодеталей,637640,21c93c59e3afd8bf4c2ee192,1.0,1.0,1.0,1.0,,,,
подключить саббуфер,654070,21eb21fc7c299ccb62dbedc9,0.0,1.0,0.0,1.0,798000d687564cda,Прокачаем акустику на 100%. Автозвук и Магнитолы,,
настилка крыш,653040,2250aad8906662225d24177b,0.0,0.0,1.0,1.0,,,8e13e53cc6c379b4,Внутренняя отделка
изготовление очков по рецепту,637640,2256c2d6f8df30558c65a65b,1.0,1.0,1.0,1.0,,,,
ремонт спутниковых антенна,107620,22f56b4704c39e7b4f31cf8a,1.0,1.0,1.0,1.0,,,,
звукорежиссер,630090,236f70eadb1446ee210c48d2,1.0,1.0,1.0,1.0,,,,
химчистка матрасов на дому,655720,24bc5ffae0438226aeaa4553,1.0,1.0,1.0,1.0,,,,
шаланда,107621,252b810b078dc0036e91d548,1.0,1.0,1.0,1.0,,,,
саксофонист,635320,25814d2f2898f3fe27855df5,1.0,1.0,1.0,1.0,,,,
минводы сантехник,655900,25b1cf80dfabaac83d21754e,1.0,1.0,1.0,1.0,,,,
сауна с бассейном на сутки,645260,25f76b5d0eb7c482c6f19962,1.0,1.0,1.0,1.0,,,,
ремонт lg видеомагнитофонов,633540,2661deb93eebbf87be654086,1.0,1.0,1.0,1.0,,,,
страховка авто,653241,2682ec5c3017294e58ad3506,1.0,1.0,1.0,1.0,,,,
механик по швейным машинкам,653240,275631698d10dc3def270562,1.0,1.0,1.0,1.0,,,,
коворкинг для керамистов,653240,27ea5ad3f8f3110be91585f4,1.0,1.0,1.0,1.0,,,,
заказ тортов гендер пати,656350,2851084d5d3a428132d1adca,1.0,1.0,1.0,1.0,,,,
копать траншеи,659020,28ac2fb93b6dfcb2f0623e17,1.0,1.0,1.0,1.0,,,,
массаж лингамма,653240,28fdf8be8b1ba717a8e5c808,1.0,1.0,1.0,1.0,,,,
выравниваем участок,623760,29b3b749ce3ceeb20c871668,1.0,1.0,1.0,1.0,,,,
регулировка фасадов мебели,661420,29b58513f39b463c0299d63b,1.0,1.0,1.0,1.0,,,,
компрессор в аренду,650400,2ae2b69a79b724f81197dae4,1.0,1.0,1.0,1.0,,,,
кладка шлакоблока,660710,2b3cf7e2932e2f3eeb5683ed,1.0,1.0,1.0,1.0,,,,
репетитор по физике,659020,2b7c6ee08572e2e42612cf25,1.0,1.0,1.0,1.0,,,,
каркасный гараж,653271,2b956c364302a5bbc019322a,1.0,1.0,1.0,1.0,,,,
репетитор по русскому языку,637640,2baff7bc08ceb739d0ddd319,0.0,0.0,1.0,1.0,,,9ab62a5358f344c1,Репетитор по русскому языку и литературе
грузоперевозки  златоуст,660930,2c07e4e4cc4d95295e55b501,1.0,1.0,1.0,1.0,,,,
полеровка стекла,625810,2f0a44990bed79b6fa6fbdba,1.0,1.0,1.0,1.0,,,,
пирсинг укус ангела,629990,2f13427ece4c8452574eef8c,1.0,1.0,1.0,1.0,,,,
шпаклевка стен под покраску,637640,2f5b5cd6f6756b96e66cbf9f,1.0,1.0,1.0,1.0,,,,
крыша,650520,301adad875c1622fb6630b29,1.0,1.0,1.0,1.0,,,,
ремонт камеры айфон,632720,314515771f749666f0c596d6,1.0,1.0,1.0,1.0,,,,
почасовая аренда,637640,3238d77c607c3a1f92908929,1.0,1.0,1.0,1.0,,,,
маникюр наращивание,654070,323d960b25563d5ed896dc97,1.0,1.0,1.0,1.0,,,,
скупка айфонов,633540,3292f4e71bc9ed4ea7ee305b,1.0,1.0,1.0,1.0,,,,
ремонт мягкой кровли крыши гаража,660200,32b8c16ce570ae2d8dd6062a,1.0,1.0,1.0,1.0,,,,
прокат отбойника,661950,32e40d3e4df4a2ef16c54f18,1.0,1.0,1.0,1.0,,,,
штукатурные работы,631870,340205e8d49b0e6a2e726ee2,1.0,1.0,1.0,1.0,,,,
тренер по фигурному катанию,637640,34066d11adef7a656a16cacb,1.0,1.0,1.0,1.0,,,,
выкуп товарных остатков одежды,654070,34298390353e0dec83eb775f,1.0,1.0,1.0,1.0,,,,
бетонная стяжка,652000,353f7d9b267b8c9b1333f44c,1.0,1.0,1.0,1.0,,,,
заброска на толбачик,630660,3542fa5b203897d8eefa5208,0.0,0.0,0.0,1.0,,,ae664674261f9bf2,"Туризм, трансфер, джип туры, мор. прогулки, сплав"
уроки гитары,650520,354c685ccf949577758b69a1,1.0,1.0,1.0,1.0,,,,
перенос газовой колонки,640860,35e549ccc0c0d893f7e0d6c4,1.0,1.0,1.0,1.0,,,,
аренда контейнер 8 м3,637640,35e5fb6e90d37e3f28fcb80e,0.0,0.0,1.0,1.0,,,d748553d0456a4ea,Вывоз мусора контейнерами 8м3/20м3/27м3
аренда машины 7 мест,629990,36401657f731a34db8f1f5b6,0.0,0.0,1.0,1.0,,,6d652e4014897ce4,Аренда минивэна с водителем
трансфер до москвы,624360,3646f548fb036eae7b02197b,1.0,1.0,1.0,1.0,,,,
охраняемая автостоянка,625390,37003b39d43794252b3a789c,1.0,1.0,1.0,1.0,,,,
швейный цех,637640,37096c91b4545b3ed3ed2888,1.0,1.0,1.0,1.0,,,,
газель 6метров,633540,372b97e2c893a728ba2e63ca,1.0,1.0,1.0,1.0,,,,
увеличение губ корея,652000,378222415a6d15b5d3a99272,1.0,1.0,1.0,1.0,,,,
перекопка мотоблоком,641270,378b2fc4b286b79042835cea,1.0,1.0,1.0,1.0,,,,
кризисный психолог,637640,37e1f3f9ae2784ff3b2de25e,1.0,1.0,1.0,1.0,,,,
ландшафтный дизайнер,637680,3876a235e314d298ba17fc09,1.0,1.0,1.0,1.0,,,,
разборка мебели,624840,38d40808904ed019a44f53cd,1.0,1.0,1.0,1.0,,,,
врезать замок на межкомнатную дверь,637640,390c49136878a3e28b2cd6b6,0.0,1.0,1.0,1.0,8ecc36aa20c47480,"Врезка и замена замков, ремонт замков",,
аренда авто для поездки в крым,633540,39da8922090dd847ab07ebab,1.0,1.0,1.0,1.0,,,,
ремонт боковых порезов,635320,3a5efc985d357dfca9a6199e,1.0,1.0,1.0,1.0,,,,
обучение на бровиста,652000,3acfa3ff7900fdae08228c60,1.0,1.0,1.0,1.0,,,,
кудрявая стрижка,646600,3b313d152dba652de9e5ce5e,1.0,1.0,1.0,1.0,,,,
прочистка канализации кротом,630090,3b44875add1dba2df9f6bccf,1.0,1.0,1.0,1.0,,,,
грузоперевозки газель по городу,641780,3c16dae5849ce732330bdf7d,1.0,1.0,1.0,1.0,,,,
видовой лофт,653240,3dc8e4343ed29f97ab8a0e9a,1.0,1.0,1.0,1.0,,,,
подсобный рабочий,651180,3f22b72be262acd67ea41e7a,1.0,1.0,1.0,1.0,,,,
психолог дпдг,633540,3f5ef997427bc89f75baa6dc,1.0,1.0,1.0,1.0,,,,
ремонт лоджии,640860,3f87f383e226d2c2eb8a7661,1.0,1.0,1.0,1.0,,,,
ремонт платы эгур opel,635320,40736289b6f2dc43a2eb138f,0.0,0.0,1.0,1.0,,,82e27a2a1d2f73e8,"Диагностика, ремонт, прошивка эбу Красноярск"
абесинская скважина,653240,40787c9f4c60e52fe0f7742a,1.0,1.0,1.0,1.0,,,,
свадебные бутылки,658170,40be65aca1f69c83d8252364,1.0,1.0,1.0,1.0,,,,
установка межкомнатной двери,656000,41fa41270e8a61399f44a27e,1.0,1.0,1.0,1.0,,,,
мотоинструктор,652430,420d6ffef51aa5a733d6ce5a,1.0,1.0,1.0,1.0,,,,
покрас дисков,652000,4214561933330d2bce4e5a70,1.0,1.0,1.0,1.0,,,,
каменщик частник,640860,4257c4c305356302f71d6c3a,1.0,1.0,1.0,1.0,,,,
геология,654070,428e1e6e21620d15d16d317e,1.0,1.0,1.0,1.0,,,,
реставрация ручек колясок,621540,435f17b801b5e9fee888c36f,1.0,1.0,1.0,1.0,,,,
ремонт советских магнитол,653040,439cb3afeecb95964c01378e,1.0,1.0,1.0,1.0,,,,
аренда авто суточно,641780,43cd5ae2ee47fb6dd5bc6e35,1.0,1.0,1.0,1.0,,,,
аренда для парикмахера,653240,442c3650ff3082178e62cc78,1.0,1.0,1.0,1.0,,,,
аренда плазмореза,650510,452adee9b2bad06849601cff,1.0,1.0,1.0,1.0,,,,
печать а3,624360,4537135d415fb5d3229a8fa6,1.0,1.0,1.0,1.0,,,,
аренда катера без капитана,653240,45c668e69ad42efc505cad2d,1.0,1.0,1.0,1.0,,,,
лестница,624380,45d21a7bddfefee75fc78bd4,1.0,1.0,1.0,1.0,,,,
экскаватор,659020,45dbfc3d1bd4dd7ef630fb71,1.0,1.0,1.0,1.0,,,,
ремонт гидроциклов,656901,46c1fe6c82fd8c15f5fadba3,1.0,1.0,1.0,1.0,,,,
репетитор по английскому языку на дому для ребенка,637950,47d9cccbd3e3cf82270ac6b4,1.0,1.0,1.0,1.0,,,,
экскурсии на квадроциклах,806680,4810a8fe0b27743af5fe8d33,1.0,1.0,1.0,1.0,,,,
нанесение логотипа на одежду и спецодежду,107620,488cd2a61fd0a3eaa3f48f20,1.0,1.0,1.0,1.0,,,,
шлифовальная машина,623880,48a1364dd08c79286401a11d,1.0,1.0,1.0,1.0,,,,
бенто торты,635320,48cc4e571032a67c6579c5c2,1.0,1.0,1.0,1.0,,,,
выполнение студенческих работ,653700,48e46af9e98879037b2e1197,1.0,1.0,1.0,1.0,,,,
откачка септика,639240,49dc105e806f0c7d16d3edd5,1.0,1.0,1.0,1.0,,,,
аренда домика в лесу,631870,4a5d75b6828d425f8c028ec2,1.0,1.0,1.0,1.0,,,,
специалист честный знак,621540,4ab3d6b8e1e10981dd959374,0.0,1.0,1.0,1.0,82f6a3e13d98fcda,Программист 1С. Настройка. Обновление,,
аренда минивена,633080,4abd0e9367008a120057d4f7,1.0,1.0,1.0,1.0,,,,
дробилка веток,629990,4afae65352550cfadfad6f4c,1.0,1.0,1.0,1.0,,,,
татуировки,662460,4cc0b9d9f553825f510c16e7,1.0,1.0,1.0,1.0,,,,
манипулятор москва,653240,4d1770d7a2487b010f6673c8,1.0,1.0,1.0,1.0,,,,
геология участка,635320,4d8fb790e67d211d95670898,1.0,1.0,1.0,1.0,,,,
проведение праздников,631500,4d9eb2d0705f48efcc829591,1.0,1.0,1.0,1.0,,,,
ремонт лобового стекла,644030,4e44a959fbff8e6ea2fbf10b,1.0,1.0,1.0,1.0,,,,
домик с чаном,642320,4ec2b05293a171552282b62d,1.0,1.0,1.0,1.0,,,,
дипломная работа оформление,621540,4f1bee9b9d63c5eff8d23da6,0.0,0.0,1.0,1.0,,,0b39dc8108ca6ca3,"Дипломная, курсовая, ВКР, магистерская диссертация"
лофт для свадьбы,107620,4f4cc87c5c118e6e8ebab2ee,1.0,0.0,1.0,1.0,,,41774d8bfaa8cfdb,Два стильных зала для свадьбы. Все включено
дым машина,624300,4f8a33bce5bd04016df0f119,1.0,1.0,1.0,1.0,,,,
ремонт сушильных ремонт стиральных машин,653700,4fdf448ddff1e56a662d25bc,1.0,1.0,1.0,1.0,,,,
ремонт алюминиевых окон,637640,504d131fc4cc771a124a914a,1.0,1.0,1.0,1.0,,,,
ремонт обуви и одежды,107621,5056ba30cee54054d63fff5c,1.0,0.0,1.0,1.0,,,4d33f75168046243,Быстрый ремонт одежды и молний спб
заливка бетонных дорожек,646600,507b1b46548515fb318540a4,1.0,1.0,1.0,1.0,,,,
wenbox u5 аренда,635320,50b6c21268c2095abe7f7765,1.0,1.0,1.0,1.0,,,,
пошив одежды на заказ,625390,512f26f0353967dd016d3e4e,1.0,1.0,1.0,1.0,,,,
автоэлектрик газели,653240,51336034d942b8da81a103e1,1.0,1.0,1.0,1.0,,,,
шпаклевка потолка,637640,51ffea88e67ee4d605d18019,1.0,1.0,1.0,1.0,,,,
электрики,628970,52cebcd5faf0b41266f23f81,1.0,1.0,1.0,1.0,,,,
аренда беседки с бассейном,634030,5395a6fa348093695e8e6500,1.0,1.0,1.0,1.0,,,,
организация гендер пати,652000,5448140e1f355dca8087c242,1.0,1.0,1.0,1.0,,,,
аниматор для взрослых,651090,5507aee9ebee257eca2b3930,1.0,1.0,1.0,1.0,,,,
ремонт газовых колонок bosch,653240,5840bcc763f3d831f59e524e,1.0,1.0,1.0,1.0,,,,
установка кондиционеров монтаж сплит систем,646600,589c6a0cfe2d3188d421d3d1,1.0,1.0,1.0,1.0,,,,
поклейка обоев недорого,636160,59562d0890903aa78e07d27e,1.0,1.0,1.0,1.0,,,,
салон тайского массажа,637640,597ac35e4d38b88377078d64,1.0,1.0,1.0,1.0,,,,
лофт комната,631870,5b004b8aa7dced20df0651b9,1.0,1.0,1.0,1.0,,,,
чистка мебели и ковров,637640,5b7d45a2a1697d9f95ba0a10,0.0,1.0,1.0,1.0,bb4c9f4626c7b9b0,"Химчистка мягкой мебели на дому, матрасы, диваны30",,
замена масла,638290,5d368a0cdd43de96ca65b527,1.0,1.0,1.0,1.0,,,,
ремонт гидроциклов brp,650400,5d92af324dbc4b00e539b8da,1.0,1.0,1.0,1.0,,,,
листогиб,628970,5da52808656800f6c577acbe,1.0,1.0,1.0,1.0,,,,
помощница по огороду,643560,5daf5cf8d294d4cf8fbf4762,1.0,1.0,1.0,1.0,,,,
юрист по земельным вопросам,659020,5de1c48b771669062d02cf21,1.0,1.0,1.0,1.0,,,,
поздравления ростовые куклы,659880,5e7054cd17f55a468bb4926c,1.0,1.0,1.0,1.0,,,,
отменить проценты по кредитке,631870,5ffe989266c59ee0ad93e13a,1.0,1.0,1.0,1.0,,,,
ремонт кухни,637640,60dba8392c41a0800e3e4be3,0.0,0.0,1.0,1.0,,,1ba815df1e005b38,Эконом ремонт квартир и отдельных помещений
джиппинг,634450,6123bf0e587c498bf3701ff9,1.0,1.0,1.0,1.0,,,,
перезарядка огнетушителей,628500,61d0fe01e52f6992e4bc99f7,1.0,1.0,1.0,1.0,,,,
газель аренда,646600,6220819008c4b9dfc33cb34d,1.0,1.0,1.0,1.0,,,,
услуги айтишника,634670,6293390d2ded600b469e6532,1.0,1.0,1.0,1.0,,,,
скупка тсд,637640,63134a7453a9b3ed202abe11,1.0,1.0,1.0,1.0,,,,
бригада плотников,641780,63d4532a2830296bfaa01475,1.0,1.0,1.0,1.0,,,,
монтаж водостоков,659020,6419829c1ad058597462cb2c,1.0,1.0,1.0,1.0,,,,
эвакуатор автомобиля,623130,6432dc96446fd397987dbf7e,1.0,1.0,1.0,1.0,,,,
биоревитализация лица,633540,64ef4deb1903bcba1d25deed,1.0,1.0,1.0,1.0,,,,
услуги электрика выезд на дом,659880,6521a5b20c0ee42cd665125f,1.0,1.0,1.0,1.0,,,,
ремонт техники,624840,65604959086c01407c36976e,1.0,1.0,1.0,1.0,,,,
аренда дом прицепа,656520,659c2c6eede108c70e7e779d,1.0,1.0,1.0,1.0,,,,
аренда экскаватора с гидромолотом,634670,65f4f862d5f2e8ab1b061951,1.0,1.0,1.0,1.0,,,,
ремонт электроскутеров,653241,667ab39c4978385df322797c,1.0,1.0,1.0,1.0,,,,
внж киргизии,637640,668d9c8bb347b70a521d04f6,1.0,1.0,1.0,1.0,,,,
ремонт ванной комнаты,623880,66a6596b7a1c16c700874136,1.0,1.0,1.0,1.0,,,,
прием черного металла,647420,66b18dc8cfe6632d5c8e6c21,1.0,1.0,1.0,1.0,,,,
накрутка подписчиков в вк,621540,66fd35f4bd05f9a46993667c,1.0,1.0,1.0,1.0,,,,
аренда инстументов,646600,6758d6f7394ccf8173e3b7bb,1.0,1.0,1.0,1.0,,,,
фасадчики,642320,681482b90f2427ffb0f61c06,1.0,1.0,1.0,1.0,,,,
краскопульт в аренду,652000,68220541e8ca0fd12d25ba28,1.0,1.0,1.0,1.0,,,,
трансфер из владикавказа в тбилиси,649870,6878e219ab9549962fdcd6d7,1.0,1.0,1.0,1.0,,,,
окрашивание волос выход из черного,653240,6888961316d8cf1ed97e615a,1.0,1.0,1.0,1.0,,,,
покраска дома,631120,68899fc07682a6257739d7e5,0.0,0.0,0.0,1.0,,,f6ae8b3c8c2c72c8,Малярные работы
прием лома самовывоз,635320,692e4d469c1bd3003e728b16,1.0,1.0,1.0,1.0,,,,
ремонт посудамоечной машины,652000,6a8fe2518253a85c51e64dcf,1.0,1.0,1.0,1.0,,,,
строители,654410,6b0ed75d74f6ca8fa9783d8d,1.0,1.0,1.0,1.0,,,,
аренда манекенов,653240,6b846a72925e7838dd8bee11,0.0,0.0,1.0,1.0,,,610f5f9851d33400,Манекен
арендовать canon g7x mark iii,647420,6b95fb0e1c8e87dc8de81733,1.0,1.0,1.0,1.0,,,,
трансфер анапа,632720,6bbd408588661801bb3cfcad,1.0,1.0,1.0,1.0,,,,
оплата зарубежных сервисов,660250,6bcb380f9a14882c1ee9721f,0.0,0.0,1.0,1.0,,,ad84470608d042ff,Оплата зарубежных сервисов
поверка счетчиков воды без снятия,624840,6d1337234c0e7aabd9c9b679,1.0,1.0,1.0,1.0,,,,
аренда микроавтобуса без водителя,621630,6d3d6ba42059acd77fddde2a,1.0,1.0,1.0,1.0,,,,
аренда автомобиля на свадьбу,625390,6daca5d85535968c24cdad96,1.0,1.0,1.0,1.0,,,,
такси парк,653241,6db167d65a1bcb7220373e08,1.0,1.0,1.0,1.0,,,,
скупка магнитофонов ссср,637640,6de661c154b1b6cd9c5d7749,1.0,1.0,1.0,1.0,,,,
помощь в выборе авто,659880,6e810b5dd3075cff439da6cf,1.0,1.0,1.0,1.0,,,,
обтяжка салона автомобиля,623430,6ec2bf72d36d8963ecef67a7,1.0,1.0,1.0,1.0,,,,
лекции от руки,632210,6edb665cf9438b5cdd4514dd,1.0,1.0,1.0,1.0,,,,
ростовые куклы в аренду,659300,6f295518438f288e2f23733a,1.0,1.0,1.0,1.0,,,,
программист телефонов,653391,6f82c3894c62310561e9be5f,1.0,1.0,1.0,1.0,,,,
ремонт nintendo switch,662810,6fb9750500b076ce57ae9741,1.0,1.0,1.0,1.0,,,,
обучение плаванию взрослых,640860,6fdf356b7c1685d7908de642,1.0,1.0,1.0,1.0,,,,
ремонт радиаторов автомобиля,650400,70296251b8cb9812f8c1e8f5,1.0,1.0,1.0,1.0,,,,
выврз мусора,641780,7045c1a39bd28212e3815ff9,0.0,0.0,1.0,1.0,,,8c38e6632ccaa3cf,Вывоз мусора Газель/Зил/Камаз
грузотакси ларгус,652430,707f0677be75b820e194272a,1.0,1.0,1.0,1.0,,,,
домашние полуфабрикаты,660710,708f5c9eb3724358158d21ea,1.0,1.0,1.0,1.0,,,,
экскурсии,623845,70b0b36d24611ceb12e565f3,0.0,0.0,1.0,1.0,,,8f9e1a234b081528,"Сдаём домики в п.Вышка (рядом Жемчуг, Аршан)"
собеседник на час,637640,70fdadfb85187e928f14f7c6,1.0,1.0,1.0,1.0,,,,
оплата visa,621550,71fdbc3b6cfb66d0e2e1d6c1,1.0,1.0,1.0,1.0,,,,
уроки скрипки,653240,7223011a36a8206487bbe265,1.0,1.0,1.0,1.0,,,,
печать фотографий,655900,7249e6bf9c570ed84eb64238,1.0,1.0,1.0,1.0,,,,
стрижка собак кокер спаниель,637640,728ff48bb1768c9cb54c42bf,1.0,1.0,1.0,1.0,,,,
печать самоклеющихся этикеток,633540,73c188804a68fe41ffc26a06,1.0,1.0,1.0,1.0,,,,
чистка вентиляции от жира,642320,73cc47a6ed89585f39021f9d,1.0,1.0,1.0,1.0,,,,
выжигание по дереву,637640,73d134c121ebdf261658bdd8,1.0,1.0,1.0,1.0,,,,
ботокс подмышки,656830,7435d2b65cb0eb0467e95ef2,1.0,1.0,1.0,1.0,,,,
ремонт кожаных курток,641780,74a3639ca0a4330f2454f9dd,1.0,1.0,1.0,1.0,,,,
кредит с просрочками,652000,74b28eb1f5264e5b3b9445e4,1.0,1.0,1.0,1.0,,,,
эпиляция воском,638520,750d00aca39100d1b9a4367f,1.0,1.0,1.0,1.0,,,,
такелажники,634450,7596d7279d4844fef3e3e1d6,1.0,1.0,1.0,1.0,,,,
замена откосов и подоконников ремонт окон,631870,75cd27fd432f8a1de4948fbb,1.0,1.0,1.0,1.0,,,,
печать на акриле,653240,75df458bda7eef0b48fc962c,0.0,0.0,1.0,1.0,,,fdc2a3edeac4b5e0,Брелки / брелоки на заказ из акрила / оргстекла
ремонт ванн,622590,762f8394d1defc6ebe058d95,1.0,1.0,1.0,1.0,,,,
рыбалка с гидом,624840,7687b728ba6a80d678fdff6e,1.0,1.0,1.0,1.0,,,,
электрик проводка,652430,76d4b898c7909231d454ebd8,1.0,1.0,1.0,1.0,,,,
уроки кройки и шитья,637640,76db371b5c2990a6c20110d6,1.0,1.0,1.0,1.0,,,,
шпонирование мдф,107620,77063dc3e613e4464f7a91e1,1.0,1.0,1.0,1.0,,,,
реставратор паркета,637640,77bc69554278c09ff5353c31,0.0,0.0,1.0,1.0,,,f53f2484d6ffc022,Реставрация на месте
мойка радиаторов авто,643560,77c23cac78a337d183672864,1.0,1.0,1.0,1.0,,,,
перепрошивка iphone,653240,798698804ac19fdae73b54c6,1.0,0.0,1.0,1.0,,,136a8889d590c423,Разблокировка Apple iPhone после мошенников
аренда майбах 223 с водителем,637640,79ca5de4a3cd7874f6a6b097,1.0,1.0,1.0,1.0,,,,
смм специалист детейлинг,637640,7a125cd14778785e36fa3836,1.0,1.0,1.0,1.0,,,,
барельеф,656200,7a27b93f6c4f1127395104e1,1.0,1.0,1.0,1.0,,,,
калитка,654410,7a3d2ad0875f4dbf035c1fc6,1.0,1.0,1.0,1.0,,,,
авто грузоперевозки,626320,7a7a573d82c260b1c5118dae,1.0,1.0,1.0,1.0,,,,
чпу металл,637640,7c124502d90fdb3164d8d594,1.0,1.0,1.0,1.0,,,,
изготовление визиток,637640,7c247fa45c43e1102771aa77,1.0,0.0,1.0,1.0,,,8f943b49b1422f4b,Изготовление 3D стикеров / Наклейки из смолы опт
медитация,640860,7cd32839a05448e6f8341b91,1.0,1.0,1.0,1.0,,,,
установка газовых котлов,652000,7d9c5b29600e43ce60bcc3d1,1.0,1.0,1.0,1.0,,,,
скрипач на час,637640,7da80875a3b9a579d11d47fc,1.0,1.0,1.0,1.0,,,,
столярные изделия на заказ,644200,7e6dc173071ac61bf051397e,1.0,1.0,1.0,1.0,,,,
компьютерная диагностика мерседес,633540,7e7004937e5b421459aa33c9,1.0,1.0,1.0,1.0,,,,
вывоз мусора контейнером 8 м3,621565,7ecd2361ff923e5a4716cead,1.0,1.0,1.0,1.0,,,,
убрать плесень,633540,7f6e2e9771987b43dd08f3f8,1.0,1.0,1.0,1.0,,,,
плиточник укладка плитки на кухне,636840,7f7f971c61fbd20802718b0f,1.0,1.0,1.0,1.0,,,,
фотостудия,107621,7fbd8a937689ebe86d84d144,1.0,1.0,1.0,1.0,,,,
замена дисплея iphone 16 pro,642320,7fef379c55938b574fc1cb0b,1.0,1.0,1.0,1.0,,,,
почасовая аренда кушетки,643560,804842742ba5d58603e34c08,1.0,1.0,1.0,1.0,,,,
дренажный насос аренда,631730,80eb034997e4e04f296bc09d,1.0,1.0,1.0,1.0,,,,
выкуп складских остатков,637640,80f6690e6c74641275740aa5,1.0,1.0,1.0,1.0,,,,
ремонт кожаной мебели,652000,8163596fff988afc2ce74bea,1.0,1.0,1.0,1.0,,,,
грузотакси,662000,81c2d40647100362bad53098,1.0,1.0,1.0,1.0,,,,
сброс apple id,654410,81e441a6dd59939aa4d5b43d,1.0,1.0,1.0,1.0,,,,
компьютерная диагностика vag audi volkswagen skoda,625810,8237cefba9565e531fd6da58,1.0,1.0,1.0,1.0,,,,
скупка объективов,637640,8250b98144bbb0ffbab361b1,1.0,1.0,1.0,1.0,,,,
ремонт bmw,651110,82b12f0d5fee36c69b5d3a98,1.0,1.0,1.0,1.0,,,,
проточка тормозных дисков,624840,833e9f3f59142596ded99b62,1.0,1.0,1.0,1.0,,,,
ростелеком подключение,623430,83878034cbc3019c4bffe163,1.0,1.0,1.0,1.0,,,,
укладка ламината на балконе,653240,83941acfe8ef5cad06bc132c,1.0,1.0,1.0,1.0,,,,
подшить джинсы,641780,83a076b490c0c8d9eab5e186,1.0,1.0,1.0,1.0,,,,
вспашка земли культиватором,631500,83f3ac4c15580e4d4000fb17,1.0,1.0,1.0,1.0,,,,
выкуп мототехники,637640,845e622d721cb3b25ccd1c8e,1.0,1.0,1.0,1.0,,,,
лофт помещение,107620,84d8d3c98ddb54b4ac469362,1.0,1.0,1.0,1.0,,,,
натяжной потолок на балкон,653240,8556a36d4cb185c7741cc607,1.0,1.0,1.0,1.0,,,,
электрик нагаево,646600,8589a502ed1f2e3d9dfc62f4,1.0,1.0,1.0,1.0,,,,
шумоизоляция,658080,8639401671faa8a0beb5258b,1.0,1.0,1.0,1.0,,,,
прокат триммера,642790,866b8fd61ca7018a79fb9e40,1.0,1.0,1.0,1.0,,,,
репатриация в израиль,653240,86d599a84b0f74f1eec1ab3c,1.0,1.0,1.0,1.0,,,,
вывоз резины и утилизация шин,637640,87b7a8ce7706040314e9dab0,1.0,1.0,1.0,1.0,,,,
химическая завивка волос,653240,87eb125bb725fdca8a81a7bd,1.0,1.0,1.0,1.0,,,,
кузовной ремонт авто,621590,888d899b0fe3ec43d0da5d09,1.0,1.0,1.0,1.0,,,,
ремонт роллетов,633540,89d0db28711573ae47be8e5f,1.0,1.0,1.0,1.0,,,,
определение границ участка,635320,8a4a9c7e166463190402229c,1.0,1.0,1.0,1.0,,,,
ремонт двигателя откатных ворот,636550,8a6be56ec329cac155184a68,1.0,1.0,1.0,1.0,,,,
мастер телевизор сзао,637640,8aad0cb4eab96f1d77286a23,0.0,0.0,1.0,1.0,,,a2bbaff57f90a434,Ремонт телевизоров Быстро Качественно Надёжно
риэлтор по аренде,652430,8ad18d1ceb4a53404855276a,1.0,1.0,1.0,1.0,,,,
купить диплом о высшем образовании,637640,8b1c2d5f072fba210edc9f5e,1.0,1.0,1.0,1.0,,,,
малогабаритные перевозки,642790,8b93824b559f86d956108c5f,1.0,1.0,1.0,1.0,,,,
градобойщик,655550,8c180be8c4868d025657e18e,1.0,1.0,1.0,1.0,,,,
ремонт электроники светильники лед,630090,8c19849cff6e08e20f73ad22,1.0,1.0,1.0,1.0,,,,
сиделка на час,653240,8c9d3a892720605975416786,1.0,1.0,1.0,1.0,,,,
юрист раздел имущества,107620,8caa87bd62a53f4c9f4dee8a,0.0,0.0,1.0,1.0,,,25c426420074a76f,Юрист/ Подготовка документов/ Участие в судах
трансфер по городу 8 мест,650400,8d81d9daafe58b495c3cac29,1.0,1.0,1.0,1.0,,,,
родирование золота,637640,8de22697e9e3873770cb0b0f,1.0,1.0,1.0,1.0,,,,
розыгрыш,652000,8dffba95cef947043b8a26da,1.0,1.0,1.0,1.0,,,,
китайский с носителем,653240,8e1d1b26224c4c4f59747a48,1.0,1.0,1.0,1.0,,,,
учитель по скрипке,637640,8e579f4e252e56e3974c8ea2,1.0,1.0,1.0,1.0,,,,
ремонт тв приставок xiaomi,637640,8e6ee7bdbce4ba1bc134b6f1,1.0,1.0,1.0,1.0,,,,
обучение 3д печати,652200,8ebadc2ed0c6212bf256edb3,1.0,1.0,1.0,1.0,,,,
услуги мини трактора по раскиду земле,623430,8ede7bd49d6ad0fbb085885f,1.0,1.0,1.0,1.0,,,,
ростовые куклы на праздник,652220,91951f1ad14e5301b834d0d8,1.0,1.0,1.0,1.0,,,,
а фрейм аренда,653241,92193465dbbdb7ce3f7c018c,1.0,1.0,1.0,1.0,,,,
сборка тренажеров,648760,922454c130dce555859d27cb,1.0,1.0,1.0,1.0,,,,
прокат багги,637640,9234c1a9010d1b3d84ac23a4,1.0,1.0,1.0,1.0,,,,
ремонт дизельных двигателей,660250,926ef443931274e990ca8637,1.0,1.0,1.0,1.0,,,,
замена струн на гитаре,640860,927c438474abf9b812c4da5a,1.0,1.0,1.0,1.0,,,,
банкротство физ лиц,654070,936754854118ecccda4eed31,1.0,1.0,1.0,1.0,,,,
активация скрытых функций renault,622660,93ce1c30dcecc77d5e12cc61,1.0,1.0,1.0,1.0,,,,
восстановление резьбы,662210,944a4d95f2d06bb2e9ed38d8,0.0,0.0,0.0,0.0,,,84b70835e7946ff7,Токарные и фрезерные работы
перетяжка мебели октябрьский район,642320,955b263b7fb8a49a0bdd9689,1.0,1.0,1.0,1.0,,,,
чертежи студентам,652430,95e4a2ea90b0b9281319d7cf,1.0,1.0,1.0,1.0,,,,
гараж посуточно,637641,960e62dd43afb950e653f5b0,1.0,1.0,1.0,1.0,,,,
снять беседку,653240,972562a617858bffbc4f336f,1.0,1.0,1.0,1.0,,,,
ремонт автостекол,653241,976bb3fbc8f928929e819f1d,1.0,1.0,1.0,1.0,,,,
отделка бань,635320,97a80173d5ef433b40071527,1.0,1.0,1.0,1.0,,,,
дренаж,638400,97c1797fff29d024c1c78c5c,1.0,1.0,1.0,1.0,,,,
кинолог с выездом на дом,653240,9914f25c0fff5d73dfd9680d,1.0,1.0,1.0,1.0,,,,
аренда автобуса с водителем 35 мест,623130,9a73cfbf9389cc9770d9895e,1.0,1.0,1.0,1.0,,,,
вывоз веток с участка,633540,9b2f00949e7c726d293752c2,1.0,1.0,1.0,1.0,,,,
ремонт xiaomi,641780,9b34abfe7afd2d30b0158360,1.0,1.0,1.0,1.0,,,,
домик для отдыха,642480,9b78dbba17dc36d523dcb01c,1.0,1.0,1.0,1.0,,,,
печать бирок сатин,637640,9b95eac9ee0bbe7ad35a77d0,1.0,1.0,1.0,1.0,,,,
ремонт peugeot citroen,624840,9c7a0ad5a26c4110a3fae1cf,1.0,1.0,1.0,1.0,,,,
реставрация деревянных дверей,621565,9d1c37b3e1d14a6469d4bb6a,1.0,1.0,1.0,1.0,,,,
аренда отбойника,653391,9d506a383dcbb2606637f598,1.0,1.0,1.0,1.0,,,,
перевозка людей,646600,9d6b81d907dbde5ddc7b69d6,1.0,1.0,1.0,1.0,,,,
стрижка собак дзержинский,107620,9db4643ea4cff64df08eb8e1,1.0,1.0,1.0,1.0,,,,
ремонт роботов пылесосов xiaomi,637640,9e0d91914adb605645a358ce,1.0,1.0,1.0,1.0,,,,
скупка серверов,637640,9e45391ad0f3a1eb144ecbfd,1.0,1.0,1.0,1.0,,,,
триммер в аренду,653040,9ec9361913e8349eca4aad60,1.0,1.0,1.0,1.0,,,,
токарные работы чпу,652560,9ecd7f41ab045baf9fde3ac0,0.0,0.0,1.0,1.0,,,8efccec0c0c35f84,Токарные работы. Металлообработка
массаж лечебный шеи,628500,9f02e2ea0452d7fa4401deb0,1.0,1.0,1.0,1.0,,,,
открытие дверей квартиры,659300,9f4d5e21e79718d694b7a7d3,1.0,1.0,1.0,1.0,,,,
модель на наращивание,637640,9fb1f6b6eb70b4bf1f96f96e,1.0,1.0,1.0,1.0,,,,
торты на заказ на чапаева,656350,9fc7d1d6d7c10ede4b585dab,1.0,1.0,1.0,1.0,,,,
надуть шары гелием на дому,650580,9fe863d54e43a371974354a5,1.0,1.0,1.0,1.0,,,,
грузоперевозки москва-чечня,107620,a032bfe36152405dfe4c4c72,1.0,1.0,1.0,1.0,,,,
вскрытие замка,650400,a15a1c1c1ab0ddb3bcacf6d1,1.0,1.0,1.0,1.0,,,,
вынос границ участка,639910,a2cb0961ac47b59c48972494,1.0,1.0,1.0,1.0,,,,
прокат аренда велосипеда,653240,a32913eadcf0576a47793492,1.0,1.0,1.0,1.0,,,,
аренда кемпера,637640,a3b06ac258151f16d0dcc16e,1.0,1.0,1.0,1.0,,,,
трамбовка грунта услуга,654070,a4e4524efdd57a0f1f8b4a55,1.0,1.0,1.0,1.0,,,,
ремонт пластиковых окон и дверей,661420,a4f8c780b94603df4642e630,1.0,1.0,1.0,1.0,,,,
посредник в казахстане,637640,a5fc710ba92856af419c3004,1.0,1.0,1.0,1.0,,,,
обтяжка пуговиц,637640,a64b0aef1694c1d53a33d9ac,1.0,1.0,1.0,1.0,,,,
обследование дома перед покупкой,637640,a6bbb8079c6443370e9f2de0,0.0,0.0,1.0,1.0,,,9e9ea6cc0d3b9535,Технадзор дом квартира строительство отделка
козырек на гараж,628810,a6cbc195743b57fc237e4154,1.0,1.0,1.0,1.0,,,,
грумминг,640860,a73b87c4572a6ca332a9d24f,1.0,1.0,1.0,1.0,,,,
миграционный юрист рвп внж,636370,a779377b2805aeaffce258cf,1.0,1.0,1.0,1.0,,,,
услуги листогиба,635320,a77ca4e12f06f3adf2572f7d,1.0,1.0,1.0,1.0,,,,
фотограф на свадьбу,653240,a7cfece9548bb28975fd0047,1.0,1.0,1.0,1.0,,,,
ремонт микроволновок,107621,a8f7d8ab5e089fb107ee5abd,1.0,1.0,1.0,1.0,,,,
замена дисплея iphone 11,653700,a974ba0d572d76e0cf66a664,1.0,1.0,1.0,1.0,,,,
скупка картриджей,653241,a97584b365380b501a2bc2d4,1.0,1.0,1.0,1.0,,,,
скупка и утилизация стиральных машин,652430,a9944c9bf1f4c8eeb824db31,1.0,1.0,1.0,1.0,,,,
иньектирование стен,640860,aa58d9905076c3a0982824b4,1.0,1.0,1.0,1.0,,,,
ремонт металлоискателя,632780,aaa2f703d18ea0c92d74ac16,1.0,1.0,1.0,1.0,,,,
волосковый,653240,aaf9c6341dc2519f9377fef0,1.0,1.0,1.0,1.0,,,,
предсказание будущего,637640,ac7f357ffcd2be8d3fd28091,1.0,1.0,1.0,1.0,,,,
дрова,622170,ac9c47607b695f8aff00ab4a,1.0,1.0,1.0,1.0,,,,
портниха,661420,aca4ab664e1e6d2936c90faf,0.0,0.0,0.0,0.0,,,98f06aede6a528de,Швея на дому. Ремонт одежды
ремонт электродвигателей,633620,ace5e07783b733bf33293b39,1.0,1.0,1.0,1.0,,,,
онлайн тренер,637640,ae730681cff69a6912ac98e2,1.0,1.0,1.0,1.0,,,,
приемщик квартир,624840,ae9f55f2d12d7c9b7b901bcf,1.0,1.0,1.0,1.0,,,,
саларьево,637640,aead07d44491ca88acb3a961,0.0,0.0,0.0,0.0,,,5b842c23ba216c92,"Макияж, причёски, укладки на свадьбу, фотоссесию"
клоун на праздник,637640,af603e0fed5e262c48761b9c,0.0,0.0,1.0,1.0,,,a0e4774833d023b1,Спектакль на ваше мероприятие
маляр,636160,afe77d6e6da2995e3feee56a,1.0,1.0,1.0,1.0,,,,
аренда электровелосипедов с выкупом,642320,b05d613010e3d1a4a9ffcb54,1.0,1.0,1.0,1.0,,,,
подписчики инстаграм,637640,b05eeaa34ddd5be33ced4cb7,1.0,1.0,1.0,1.0,,,,
поздравление от знаменитости,653040,b0a2e7ea3596f37913e15840,1.0,1.0,1.0,1.0,,,,
доставка воды,635320,b1226cec4a3854421bcdab4d,1.0,1.0,1.0,1.0,,,,
гид в пекине,621540,b1876b1e1691809f1381c81f,1.0,1.0,1.0,1.0,,,,
лазерная очистка металла,621630,b1911133c5d724dd5e8c6f92,1.0,1.0,1.0,1.0,,,,
диско лимузин,637640,b1baf479b20c3becc2d66211,1.0,1.0,1.0,1.0,,,,
гбо,632490,b2e97502be080e714a8df2ff,1.0,1.0,1.0,1.0,,,,
полимолочная кислота,637640,b30b944349fb94555a877981,1.0,1.0,1.0,1.0,,,,
скупка печатных плат,637640,b32fd7fdc7d84d467c425ffe,1.0,1.0,1.0,1.0,,,,
дизайнерский ремонт под ключ,659020,b356df3cb1fb1d6e5de291ea,1.0,1.0,1.0,1.0,,,,
замена экрана на iphone 11,654070,b42dcf41c61330803fe9ffde,1.0,1.0,1.0,1.0,,,,
аренда летней беседки,631270,b6007cd857716af804d331f1,1.0,1.0,1.0,1.0,,,,
замена накладки входной двери,637640,b6d18209030df85c72ec5c31,1.0,1.0,1.0,1.0,,,,
грузоперевозки фургон,652430,b7254de2a908692409fcf609,1.0,1.0,1.0,1.0,,,,
выкуп пк,653240,b78d07c0311bf438c27883ab,1.0,1.0,1.0,1.0,,,,
замена стекла на телефоне,650400,b7e5590026e54c248229978c,1.0,1.0,1.0,1.0,,,,
замена аккумулятор,661420,b84329d72625b23f362fa585,1.0,1.0,1.0,1.0,,,,
вытянуть вмятину,637640,b86061d5c3a049e32aeb2dd8,1.0,1.0,1.0,1.0,,,,
муж на час очаковский район,637640,b87e5abd9d5b2a6947b22706,1.0,1.0,1.0,1.0,,,,
репетитор по японскому,621540,b91b812ed5c4c7d7e07aa47b,1.0,1.0,1.0,1.0,,,,
ремонт динамиков,639550,bac52a5ee54ffeb3917ef109,1.0,1.0,1.0,1.0,,,,
ремонт станков чпу,653040,bad3b0f2a889bbd804726b06,1.0,1.0,1.0,1.0,,,,
сборный груз в москву,648760,bb3e70be90f289ae51ca90a1,1.0,1.0,1.0,1.0,,,,
расчистка садового участка,653241,bb60c3f4431b275476fb2b60,1.0,1.0,1.0,1.0,,,,
ремонт задника кроссовок,633540,bb6ca35a06f0f95ffaf0a539,1.0,1.0,1.0,1.0,,,,
реставрация ванн акрилом,637640,bba8357e0515120913d3de48,1.0,1.0,1.0,1.0,,,,
аренда гаража для химчистки,634450,bbe16a5286da434e2a56e635,1.0,1.0,1.0,1.0,,,,
ремонт теле радио аппаратуры,637640,bc1b535a78fd1eb0d3542d18,0.0,0.0,1.0,1.0,,,b3e69895c80683b0,Ремонт винтажной аудиотехники
установка ос удаленно,107620,bc8bbb37bf9667f90de23e88,0.0,0.0,1.0,1.0,,,1b3031f1a47618a9,Установка операционной системы
трактор в аренду,630290,bd5ef85d4c85ca65319fa97f,1.0,1.0,1.0,1.0,,,,
замена замков дверей,640860,bd6badae758527bd75effe1f,1.0,1.0,1.0,1.0,,,,
аренда контейнера,637641,bda5c65011bfc90039c8bdfc,1.0,1.0,1.0,1.0,,,,
промывка форсунок бмв,633540,bdf6310a69a320f4a96c39b8,1.0,1.0,1.0,1.0,,,,
аренда тату места,637640,bf87459c7dc808017ec4d1c3,1.0,1.0,1.0,1.0,,,,
сварка авто,653241,bf87f56c73863aad4516dab9,1.0,1.0,1.0,1.0,,,,
аренда теплохода,653240,bfab9bf5d68e473309fa5c28,1.0,1.0,1.0,1.0,,,,
аренда прокат шлифовальная машина,653140,c13760bf310a83a3309e94fa,1.0,1.0,1.0,1.0,,,,
аниматоры маша и медведь,659020,c15c724be71cff4a5c8165e6,1.0,1.0,1.0,1.0,,,,
скупка мониторов,659300,c20c6c6adb50fbd76f3b8807,1.0,1.0,1.0,1.0,,,,
памятники из гранита,633540,c356f189d7a9295cd9b807e8,1.0,1.0,1.0,1.0,,,,
изготовление штендеров,653241,c3cc03a7a9dc641042260118,1.0,1.0,1.0,1.0,,,,
3д печать шильдиков,107620,c46a81156dc97d09cdcbeced,0.0,0.0,1.0,1.0,,,07acbfe998b698d4,Печать изделий на 3D-принтере
утепление дверей,640860,c46d0bee5bb4a859b3f2a23d,1.0,1.0,1.0,1.0,,,,
маникюр плесецкая,653240,c48900c501690edffb2429e5,1.0,1.0,1.0,1.0,,,,
восстановление амортизатора мотоцикла,637640,c6fec9ce1d0f9d1fdffae11d,1.0,1.0,1.0,1.0,,,,
вынос мусора из квартиры,654070,c7aa3c96e6d8dfa20fadc0c2,1.0,1.0,1.0,1.0,,,,
очистка матрасов,630410,c7b24ade04aea2be36e48558,1.0,1.0,1.0,1.0,,,,
алмазная резка,641780,c7c5d66d2aaded68f324d7b2,1.0,1.0,1.0,1.0,,,,
иркутск обучение игре на гитаре онлайн,629320,c8770d7c673de6fc16389dc8,1.0,1.0,1.0,1.0,,,,
химчистка диванов на дому,661420,c895fc8e3a3b32b74ced9ba4,1.0,1.0,1.0,1.0,,,,
аренда свадебного декора,635860,c8da5b39a91bb2761740ac33,1.0,1.0,1.0,1.0,,,,
аренда лодочного мотора,107621,c90527cac0251fd26bd2504d,1.0,1.0,1.0,1.0,,,,
трубостойка,107620,c93bc8a1fa29df044b6aa089,1.0,1.0,1.0,1.0,,,,
фотостудия аренда sex,640860,c9a06d9e793f4b57afee9b6c,1.0,1.0,1.0,1.0,,,,
макияж,624840,cb83a043e835867a8a7f037d,1.0,1.0,1.0,1.0,,,,
клининг мытье окон,659020,cc6ab3f55dee47e1d7c33221,1.0,1.0,1.0,1.0,,,,
сборка мебели ремонт,107620,cc8252a57222cbf7bdf0748c,0.0,0.0,1.0,1.0,,,d5f7bf92cc61640f,Сборщик мебели
электромонтер,637640,ccfb9d8b9ee44d9a95d60b6d,0.0,0.0,1.0,1.0,,,09982ce0de4a3650,Услуги инженера -Электрика. 220-380В. Звоните
углубление колодцев,653240,ccfee4ef7370098ff9927c90,1.0,1.0,1.0,1.0,,,,
моментальный загар обучение,661130,cdbcd98997f92db8a073496e,0.0,0.0,1.0,1.0,,,2145b135b8c097e5,"Абонемент на месяц: фитнес, пилатес, растяжка"
подолог сормовский район,640860,ce0bdae6750ddbe414d8181c,1.0,1.0,1.0,1.0,,,,
выездной ремонт авто,653241,cfa071c04d138efc93d682ad,1.0,1.0,1.0,1.0,,,,
уаз на прокат,660470,cfb0b1895e091e69509b6e2e,0.0,1.0,0.0,1.0,7e5ae3fd3c3ae6c5,Аренда Соболь 2025 года,,
культиватор аренда,653240,d044b14f5e45a52802cfadb6,0.0,0.0,1.0,1.0,,,8f94ad82279f4f8c,Аренда и прокат строительного инструмента
выкуп камер,650510,d0be1c390cd7342ba3dac77e,1.0,1.0,1.0,1.0,,,,
таблички,625390,d1c323c116597e26daccd07a,1.0,1.0,1.0,1.0,,,,
электролаборатория,649210,d212e1b6a4c12cd6a73e77f6,1.0,1.0,1.0,1.0,,,,
печать логотипа на воздушных шарах,653240,d2498dcabd35d61d363fbe25,1.0,1.0,1.0,1.0,,,,
диагностическая карта техосмотр,637440,d2789d35ea2625b0c309c981,1.0,1.0,1.0,1.0,,,,
бенто торт срочно,650400,d3ba22abb8b6603667436add,1.0,1.0,1.0,1.0,,,,
установка столбов лэп,630090,d3d0e1683501a18720f56d8d,1.0,1.0,1.0,1.0,,,,
мастер по ремонту стиральных машин на дому,107621,d5549be129ddb5db90ffb8a3,1.0,1.0,1.0,1.0,,,,
мастер ремонта телевизора,636160,d61d5e9c670cbda253ee5f6f,1.0,1.0,1.0,1.0,,,,
портрет,642320,d63627297df453bbf89badac,1.0,1.0,1.0,1.0,,,,
аренда прокат инструмента электроинструменты,646600,d63f01b090ac66c4d9705a8a,1.0,1.0,1.0,1.0,,,,
снять дом с баней и чаном,653241,d643d094f36c4876ce45334a,0.0,0.0,1.0,1.0,,,b1fe3a19ff34c499,Организация и проведение мероприятий
подъем груза на этаж,637640,d6acb4386dc04f740fd50a73,1.0,1.0,1.0,1.0,,,,
химчистка ковра,662210,d6e38f0955d3b25530d72f49,1.0,1.0,1.0,1.0,,,,
выкуп ps4,107621,d70c6b92277040ef21d512a3,1.0,1.0,1.0,1.0,,,,
подбор краски,622650,d71988f81e5543f58db9c6ec,1.0,1.0,1.0,1.0,,,,
заточка ножей для гильотины,653240,d71a0cece88182d77ce81f9e,1.0,1.0,1.0,1.0,,,,
тату мастер,630410,d8a4089bb8e764eb8f82dd1b,1.0,1.0,1.0,1.0,,,,
рвд,645900,d8c6384fb3fd9c0da934f989,1.0,1.0,1.0,1.0,,,,
база отдыха с бассейном и рыбалкой,634670,d91c3b9f3dde79f4fa273533,1.0,1.0,1.0,1.0,,,,
копка траншеи вручную,640310,d96319fcdfae1ddfd13b1ad0,1.0,1.0,1.0,1.0,,,,
термех,621540,d98a2daa041f2f6dc41b6341,1.0,1.0,1.0,1.0,,,,
скупка компьютерных комплектующих,637640,da0f1d20d24bf3596abcbd33,1.0,1.0,1.0,1.0,,,,
декор на свадьбу,623430,da282635c32aab9b9fa673f6,1.0,1.0,1.0,1.0,,,,
авто юрист по дтп,630090,da764828c270c7577122b17c,1.0,1.0,1.0,1.0,,,,
сиделка с проживанием,637640,dae7b0f642fc96fd521fc6c0,1.0,1.0,1.0,1.0,,,,
плиточник укладка,658170,db0210ead357c2e35a0c0473,1.0,1.0,1.0,1.0,,,,
аренда бункера под мусор,621565,db35a89251cc64cfb29fcb57,1.0,1.0,1.0,1.0,,,,
мастер на час,653240,db991e8a4fad4a0aaf5887bf,0.0,0.0,1.0,1.0,,,aab5c797cd35fb6e,"Муж на час, электрик, сантехник, мастер"
полиграф детектор лжи,640860,dc80bd86d4d31c5ead070b65,1.0,1.0,1.0,1.0,,,,
мини бар с карликами,107620,dc8e7726559eab17e66f8e07,1.0,1.0,1.0,1.0,,,,
установить замок,650400,ddb6d405c0680f9947a1119c,1.0,1.0,1.0,1.0,,,,
аренда экскаватора,637240,dde44e967e2f7bd8cc115b6d,1.0,1.0,1.0,1.0,,,,
торцевая пила аренда,639740,de1cba8d573daf5f3fa576eb,1.0,1.0,1.0,1.0,,,,
аренда светового оборудования,646600,de2bbf1c37104563eedd8a75,1.0,1.0,1.0,1.0,,,,
модель тфп,653240,de402263ce0b0b527b547727,1.0,1.0,1.0,1.0,,,,
ремонт туалета пвх панелями,640860,de994f1ec6cc9df13a11df0e,1.0,1.0,1.0,1.0,,,,
ушить одежду,653240,deccce08a30f60f3f5a80ab7,0.0,0.0,1.0,1.0,,,3d5f98cacd2ae0a5,Ремонт одежды на дому
обучение косметологии,653040,ded9a7d2efc82a7cdfd79880,1.0,1.0,1.0,1.0,,,,
самосвал,623760,deed93e7179015acdc2e9601,1.0,1.0,1.0,1.0,,,,
окрашивание волос airtouch,653240,df512114e06ed267bb530c11,1.0,1.0,1.0,1.0,,,,
закуски фуршет,653240,df8fc0b6110d9ce79096497e,1.0,1.0,1.0,1.0,,,,
аренда место для лашмейкера,647420,dfac800cc882deb9f1468fe4,1.0,1.0,1.0,1.0,,,,
художественное литье,624840,e08d992d826a9d7e99840127,1.0,1.0,1.0,1.0,,,,
печать планов эвакуации,653240,e0d2b1c29bd6b71c16d6a743,1.0,1.0,1.0,1.0,,,,
прошивка эбу,623430,e0feee5688a5fa4e6a1871f6,1.0,1.0,1.0,1.0,,,,
создать apple id,648620,e1082dcd349bfd1a7cfc04a0,1.0,1.0,1.0,1.0,,,,
лофт на день рождения,662210,e2950a81dfbdc0c9c8649d9f,1.0,1.0,1.0,1.0,,,,
прием металла,638760,e2e3fc70b77230510c1ceec0,1.0,1.0,1.0,1.0,,,,
аренда минивена с водителем,638790,e301c01de0893c367f23cee0,1.0,1.0,1.0,1.0,,,,
установка входных металлических дверей,651110,e4203b0ea2a766c6b82b05de,1.0,1.0,1.0,1.0,,,,
широкоформатное сканирование,637640,e429b1ddb75fc35ece5dcbd9,1.0,1.0,1.0,1.0,,,,
тренер по бальным танцам,653240,e4629ad98f8692e69198fc69,1.0,1.0,1.0,1.0,,,,
ремонт санузла,650520,e47cbf551fd7b5f621c6cf90,1.0,1.0,1.0,1.0,,,,
ремонт ключей от машины,650000,e54bf0221f2941abbaedefc2,1.0,1.0,1.0,1.0,,,,
косметолог ботокс для лица,642320,e5506b97e0402764ebd5a91b,1.0,1.0,1.0,1.0,,,,
эвакуатор шахты,652200,e57d522f69500ec14df91a90,1.0,1.0,1.0,1.0,,,,
аренда автобуса 35 мест,654070,e5bd14d8eda354056c30b370,1.0,1.0,1.0,1.0,,,,
монтаж камина,637640,e608daea753db8219eb8acc8,1.0,1.0,1.0,1.0,,,,
фабрика пошива одежды,107620,e6346666607b41d2ad3c8832,0.0,0.0,1.0,1.0,,,f428b754e3d80d13,Пошив одежды : швейное производство
повесить карниз,653240,e6901b9f9698c278c3a90bcc,1.0,1.0,1.0,1.0,,,,
аренда автомобиль,644200,e734e2128b9e3c248675b2f5,1.0,1.0,1.0,1.0,,,,
деревянный пол на лагах,653240,e742d00a369605d251c34602,1.0,1.0,1.0,1.0,,,,
установка замков на входную металлическую,637640,e75bf185579a74cc82d8a8c9,1.0,1.0,1.0,1.0,,,,
ремонт окон schuco,637640,e7bcf58e170a28b5d515c4ea,1.0,1.0,1.0,1.0,,,,
реклама,652100,e8708108cdfbd8c8effdf990,1.0,1.0,1.0,1.0,,,,
ремонт стеклопакетов дверей,653240,e89337d137853181dd70388f,1.0,0.0,1.0,1.0,,,896804a5fdd15887,Ремонт пластиковых окон и дверей
тату мастер реализм,637640,e8b273dc18bb9aa9aafd3610,1.0,1.0,1.0,1.0,,,,
приму древесные отходы,107620,e8fa29915270baebb62396b5,1.0,1.0,1.0,1.0,,,,
изготовление наружной рекламы на плотере,637640,e90ab98cbdfe6075e48df2f0,0.0,1.0,1.0,1.0,cd2da7685775f38a,"Печать наклеек, стикеры, баннеры",,
фотобудка,653240,e917b2d41ca8b96644c17f01,1.0,1.0,1.0,1.0,,,,
часы ссср в ремонт,637640,e99c81da764537ea7be1568d,1.0,1.0,1.0,1.0,,,,
изготовление и монтаж москитных сеток,637640,ea0924eab6acd0507ec4266d,1.0,1.0,1.0,1.0,,,,
подключение сабвуфера,637640,ea184b63334e34d623c68f98,1.0,1.0,1.0,1.0,,,,
аренда домкрата,662210,ea77805e6d534afd45971178,1.0,1.0,1.0,1.0,,,,
аниматоры квесты,637640,ea7a24d8641155146694b576,1.0,1.0,1.0,1.0,,,,
подбор авто,657310,eac20a882a5040640542cdc7,1.0,1.0,1.0,1.0,,,,
доставка из сша,653240,ead0dae5cbeb49b6366d86b3,1.0,1.0,1.0,1.0,,,,
установщик кондиционеров,646600,ead65c99528acde37fd2ede4,1.0,1.0,1.0,1.0,,,,
мини кун,653401,eaf57b38e98a2a8bf1070a44,1.0,1.0,1.0,1.0,,,,
стилист по волосам,653240,eb3aac233c2ec927dc653201,1.0,0.0,1.0,1.0,,,aefe55faed746945,"Окрашивание волос, модель, центр, май"
мобильная съемка,637640,ebd6e57abd234da14299eedb,1.0,1.0,1.0,1.0,,,,
ремонт и установка  гбо,652000,ebe20ae9a81412e99a5a5ae6,1.0,1.0,1.0,1.0,,,,
заменить аккумулятор на iphone,653240,ebff01f3212c480dad40aebf,0.0,0.0,1.0,1.0,,,ff919853dce88f04,Ремонт телефонов / Замена экрана iPhone
перфоратор,626740,ec2654e836b930ff6638c135,1.0,1.0,1.0,1.0,,,,
детские мастер классы выездные,650400,ec6f1e18ded1f6864079781b,1.0,1.0,1.0,1.0,,,,
реабилитация после инсульта,637640,edaef58f28fe8c12883b7f81,1.0,1.0,1.0,1.0,,,,
чистка газового котла,623430,edbc3210951030650141c956,1.0,1.0,1.0,1.0,,,,
оклейка пленкой. интерьер,637640,ee3ba2701432ba67d8308ba2,1.0,1.0,1.0,1.0,,,,
юридическая проверка квартиры,653240,eec764bd8c2b43f7c34abfe4,1.0,1.0,1.0,1.0,,,,
цветная печать a4,656200,ef6e50378035f44200b9898a,1.0,1.0,1.0,1.0,,,,
покраска рамы велосипеда,653240,f0ea26bff5f6fe62d216aa77,1.0,1.0,1.0,1.0,,,,
клининг уборка,662150,f11db1a92677a048d75ee916,1.0,1.0,1.0,1.0,,,,
сварка дисков,646600,f15de1568e87eddef3ac222e,1.0,1.0,1.0,1.0,,,,
ремонт бамперов пайка пластика ремонт креплений,635320,f2208103d7f914c7ab8bccc3,1.0,1.0,1.0,1.0,,,,
ремонт кожи сидений авто,107620,f23648e63ca62b06a0935529,1.0,1.0,1.0,1.0,,,,
вывоз мусора с участка,641780,f2a4a712c3408d0391d6fed3,1.0,1.0,1.0,1.0,,,,
выровнять участок,659300,f2a8d81a80dc8bc1735eaedd,1.0,1.0,1.0,1.0,,,,
удаление татуажа бровей,653240,f38199eaa146dd39deb5c095,0.0,1.0,1.0,1.0,9d3510565eee472d,"Тату/Удаление тату/татуаж,Пм, брови/лазер удаление",,
реабилитолог на дом,637640,f38289d312a095363332b12b,1.0,1.0,1.0,1.0,,,,
продам фотоаппарат,637640,f39afc74bba49ffdad0fda93,0.0,0.0,1.0,1.0,,,023325483bcacaab,Скупка техники (с выездом)
сауна с джакузи,621565,f3af9caa93b1b45336150102,1.0,1.0,1.0,1.0,,,,
репетитор японский,641780,f3e1e08319073e22ed3bf361,1.0,1.0,1.0,1.0,,,,
установка windows 11,637640,f3ea8ccea8b7bb9c3d899386,1.0,1.0,1.0,1.0,,,,
скупка монет,637640,f40c93f8075509191d39c56d,1.0,1.0,1.0,1.0,,,,
вымыть окна в квартире,653240,f48014ae432a9888760760c0,0.0,0.0,0.0,1.0,,,2b1f926738208f23,Сезонная мойка окон. Клининг. Уборка
репетитор русский язык,622650,f4898237ea5c146679d0a8d9,1.0,1.0,1.0,1.0,,,,
осинезатор,623880,f5452194230c105ae1bbd6ca,0.0,0.0,0.0,1.0,,,3c3be4eabaeb36ad,Откачка канализации
карта зарубежного банка выпустить,637640,f5fdc3880f6c6817730bf3f4,1.0,1.0,1.0,1.0,,,,
дом а фрейм снять,653040,f65416fa28fa63edde2aa083,0.0,0.0,1.0,1.0,,,f3afd4aa279d6b48,Аренда бани с чаном на сутки
распил лдсп на чпу,659020,f68ad33e3513a6cf7ac303ad,1.0,1.0,1.0,1.0,,,,
завивка волос,653240,f72911ffcccdb9f75b2e0291,1.0,1.0,1.0,1.0,,,,
айклауд создать,653240,f757e04daec9846e259c9a34,0.0,0.0,0.0,0.0,,,d34f92f516fdcb3c,"Разблокировка телефонов Xiaomi,iPhone, Huawei id"
написание индивидуального проекта для колледжа,621540,f794e75f464e552f5d9811aa,0.0,0.0,1.0,1.0,,,82e09727c11c33e0,Школьные проекты
лофт для мероприятий,637640,f7b4c246cdd921dbd52d42b5,0.0,0.0,1.0,1.0,,,5d5abd73b302d627,Аренда зала для: йога мастер класс тренинг семинар
скупка бытовой техники,653040,f801ac5a4a130f28bf509ea8,1.0,1.0,1.0,1.0,,,,
ресницы лэд,621630,f992bfc0f2d4abd3802315c9,1.0,1.0,1.0,1.0,,,,
база отдыха зеленый остров,652000,faa2e3c8e9e717d715654b08,1.0,1.0,1.0,1.0,,,,
ножничный подъемник,637640,fb3733317bad22b586a69258,1.0,1.0,1.0,1.0,,,,
напыление бровей,637640,fb8409b7ef7849c2b2805c75,1.0,1.0,1.0,1.0,,,,
откачка выгребных ям,638120,fb982b53cad8f4e47a8e03d9,1.0,1.0,1.0,1.0,,,,
трактор планировка,657130,fce310c15ca3e820fed81607,1.0,1.0,1.0,1.0,,,,
покраска мебельных фасадов,641780,fda568cfd8996900fa9273a7,1.0,1.0,1.0,1.0,,,,
монтаж потолка из гипсокартона,653240,fe07f1fa8e18d9563c8ea191,0.0,0.0,1.0,1.0,,,2d308ae6e5669a1c,Натяжные потолки без посредников за 1 день
ремонт мебели рестоврация,637640,fe889731d58259bf56c4eba6,0.0,0.0,1.0,1.0,,,3b4833fb845b4039,Реставрация паркета и напольных покрытий
выездной бар,637640,fef1f135acf2208f57c830b8,1.0,1.0,1.0,1.0,,,,
отделка ванной пвх панелями,659300,fef35aa8f81f27b27c9badd3,1.0,1.0,1.0,1.0,,,,
замена стекла в межкомнатной двери,654070,ff105a2b9caadb2f40b23b9e,1.0,1.0,1.0,1.0,,,,
замена стекла в стеклопакете,107620,ff181e34bb01d7e76f978b4c,1.0,1.0,1.0,1.0,,,,
свадьба на природе,625670,ff80f3bc2fde389961d687fa,1.0,1.0,1.0,1.0,,,,
аренда биотуалета,107620,ffb66d077194889cb21113ff,0.0,1.0,1.0,1.0,8cc9dc8a23d32687,Аренда биотуалетов и душевых кабин,,
повесить зеркало,653240,ffcd2790719e85fcef95e969,1.0,1.0,1.0,1.0,,,,
чистка сплит системы,632720,ffd67f089e70f27a5c5bd037,1.0,1.0,1.0,1.0,,,,
