family,model,leaves,iterations,alpha,feature_count,development_recall50
ensemble,semantic_hgb_leaves15_trees120,15,120,0.25,38,0.9265
ensemble,semantic_hgb_leaves15_trees240,15,240,0.25,38,0.92525
semantic,semantic_hgb_leaves15_trees120,15,120,0.5,38,0.92425
ensemble,semantic_hgb_leaves31_trees120,31,120,0.25,38,0.92425
ensemble,semantic_hgb_leaves31_trees240,31,240,0.25,38,0.92375
ensemble,semantic_hgb_leaves31_trees120,31,120,0.5,38,0.92325
ensemble,semantic_hgb_leaves15_trees120,15,120,0.5,38,0.92225
pool_expansion,hgb_leaves15_trees120,15,120,0.5,32,0.922
semantic,semantic_hgb_leaves31_trees120,31,120,0.5,38,0.92025
semantic,semantic_hgb_leaves15_trees240,15,240,0.5,38,0.91975
ensemble,semantic_hgb_leaves15_trees240,15,240,0.5,38,0.919
ensemble,semantic_hgb_leaves31_trees240,31,240,0.5,38,0.91875
lexical,hgb_leaves15_trees120,15,120,0.5,32,0.916
semantic,semantic_hgb_leaves31_trees240,31,240,0.5,38,0.916
semantic,semantic_hgb_leaves15_trees120,15,120,0.75,38,0.9148333333333333
ensemble,semantic_hgb_leaves15_trees120,15,120,0.75,38,0.9133333333333332
ensemble,semantic_hgb_leaves31_trees120,31,120,0.75,38,0.9104166666666667
semantic,semantic_hgb_leaves31_trees120,31,120,0.75,38,0.9091666666666667
semantic,semantic_hgb_leaves15_trees240,15,240,0.75,38,0.9086666666666666
ensemble,semantic_hgb_leaves15_trees240,15,240,0.75,38,0.9069166666666666
semantic,semantic_hgb_leaves31_trees240,31,240,0.75,38,0.9046666666666666
ensemble,semantic_hgb_leaves31_trees240,31,240,0.75,38,0.9041666666666667
semantic,semantic_hgb_leaves15_trees120,15,120,1.0,38,0.9036666666666666
semantic,semantic_hgb_leaves31_trees120,31,120,1.0,38,0.8975
semantic,semantic_hgb_leaves15_trees240,15,240,1.0,38,0.89225
semantic,semantic_hgb_leaves31_trees240,31,240,1.0,38,0.8863333333333333
