model,trees,weight,matched_recall50,unseen_macro_recall50,actual_known_macro_recall50,held_context_macro_recall50,held_actual_known_fraction
mixed_mined,400,0.75,0.9476002382121281,0.9434558823529412,0.9504106776180699,0.9441911764705883,0.7161764705882353
mixed_mined,400,1.0,0.9468084217705984,0.9425735294117648,0.9483572895277207,0.9436029411764706,0.7161764705882353
v4,200,0.0,0.9456678023220599,0.9422794117647059,0.9497946611909651,0.9416911764705882,0.7161764705882353
mixed_mined,400,0.5,0.945566586015766,0.9419852941176471,0.9493839835728953,0.9416911764705882,0.7161764705882353
mixed_mined,200,0.5,0.945387376929944,0.9419852941176471,0.9506160164271047,0.9425735294117648,0.7161764705882353
mixed_mined,200,1.0,0.9453197325586731,0.9390441176470589,0.9483572895277207,0.94125,0.7161764705882353
mixed_mined,200,0.75,0.9437992114608259,0.940514705882353,0.9471252566735113,0.939485294117647,0.7161764705882353
mixed_wide,100,0.5,0.9432251230618629,0.9391911764705883,0.9475359342915811,0.9397794117647059,0.7161764705882353
mixed_mined,100,0.5,0.9427287986234532,0.9399264705882353,0.9479466119096509,0.9397794117647059,0.7161764705882353
cold_wide,100,0.5,0.9419163308749793,0.9371323529411765,0.9465092402464066,0.9393382352941176,0.7161764705882353
mixed_mined,100,0.75,0.9414524876056393,0.9375735294117648,0.9446611909650924,0.9371323529411765,0.7161764705882353
mixed_wide,200,0.5,0.9408690553604641,0.9381617647058823,0.9444558521560575,0.9375735294117648,0.7161764705882353
cold_wide,200,0.5,0.9407989671262749,0.9372794117647059,0.9432238193018481,0.9366911764705882,0.7161764705882353
mixed_mined,100,1.0,0.9403754206942486,0.9358088235294117,0.9426078028747433,0.9350735294117647,0.7161764705882353
mixed_wide,400,0.5,0.9387693124018555,0.9352205882352941,0.9442505133470226,0.93625,0.7161764705882353
cold_wide,400,0.5,0.9379059911833427,0.9340441176470589,0.9424024640657084,0.9343382352941176,0.7161764705882353
mixed_wide,100,0.75,0.937103284108364,0.9346323529411765,0.9413757700205339,0.9338970588235294,0.7161764705882353
cold_wide,100,0.75,0.9368652641514488,0.9343382352941176,0.9409650924024641,0.9341911764705882,0.7161764705882353
mixed_wide,100,1.0,0.9342424997431691,0.93125,0.9382956878850103,0.930514705882353,0.7161764705882353
mixed_wide,200,0.75,0.9321450807606071,0.9283088235294118,0.9385010266940452,0.929485294117647,0.7161764705882353
cold_wide,200,0.75,0.9316209740958075,0.9283088235294118,0.9360369609856263,0.9283088235294118,0.7161764705882353
cold_wide,100,1.0,0.9306638171077526,0.9277205882352941,0.934599589322382,0.9269852941176471,0.7161764705882353
mixed_wide,400,0.75,0.9273543900058918,0.92375,0.934599589322382,0.92375,0.7161764705882353
cold_wide,400,0.75,0.92696885029986,0.9230147058823529,0.9329568788501027,0.9228676470588235,0.7161764705882353
cold_wide,200,1.0,0.9244100324069384,0.9190441176470588,0.9311088295687885,0.9221323529411765,0.7161764705882353
mixed_wide,200,1.0,0.9236969645828355,0.9193382352941176,0.9327515400410678,0.9221323529411765,0.7161764705882353
mixed_wide,400,1.0,0.9178391626933401,0.9122794117647058,0.92782340862423,0.9141911764705882,0.7161764705882353
cold_wide,400,1.0,0.916745387437531,0.9128676470588235,0.9249486652977412,0.9138970588235295,0.7161764705882353
