model,feature,gain,gain_fraction
cold_wide,title_bm25,5422.412292480469,0.0025454175805521215
cold_wide,body_bm25,8503.390885353088,0.003991706916845882
cold_wide,char_tfidf,4253.795861721039,0.0019968394482875987
cold_wide,filter_bm25,22013.354645252228,0.01033362586586375
cold_wide,geo_compatibility,19746.526300430298,0.009269519263530101
cold_wide,micro_compatibility,39324.37537240982,0.01845985716651836
cold_wide,baseline_score,488977.76007556915,0.22953853743681074
cold_wide,log_baseline_rank,995883.650604248,0.467492993099733
cold_wide,log_title_rank,3853.394474029541,0.001808880902066249
cold_wide,log_body_rank,19175.42131137848,0.00900142812603223
cold_wide,log_char_rank,3124.5806407928467,0.0014667572412293789
cold_wide,same_location,866.719988822937,0.00040686030090800006
cold_wide,log_distance_km,98228.19828748703,0.04611080259862587
cold_wide,title_token_coverage,1835.8492856025696,0.0008617941231243373
cold_wide,body_token_coverage,74997.03219366074,0.03520550521392598
cold_wide,title_idf_coverage,4170.467870235443,0.001957723179911314
cold_wide,body_idf_coverage,14400.488449573517,0.006759953779042932
cold_wide,query_in_title,490.91435289382935,0.00023044762312415443
cold_wide,query_equals_title,109.02436208724976,5.117879515547098e-05
cold_wide,query_characters,3938.298936367035,0.0018487372057635692
cold_wide,query_tokens,531.0517911911011,0.0002492891526076061
cold_wide,log_filter_characters,9867.620320796967,0.004632110744806562
cold_wide,rating_required,0.0,0.0
cold_wide,rating_gap,142.34973239898682,6.68225675015058e-05
cold_wide,rating,12208.967961788177,0.005731198590971984
cold_wide,log_reviews,28631.009224414825,0.01344012042939613
cold_wide,log_price,7919.036516189575,0.0037173961849592744
cold_wide,phone_hidden,464.159339427948,0.0002178881425884518
cold_wide,messages_forbidden,644.8566327095032,0.0003027120258101111
cold_wide,log_title_characters,6472.528035640717,0.0030383684906039833
cold_wide,log_description_characters,11511.418054580688,0.005403751008356273
cold_wide,log_params_characters,11363.512508392334,0.005334320401234958
cold_wide,e5_cosine,4314.723816394806,0.002025440572401447
cold_wide,e5_geo_affinity,8417.174632549286,0.003951234825500032
cold_wide,from_lexical_pool,0.0,0.0
cold_wide,from_semantic_pool,424.6111888885498,0.0001993232396944197
cold_wide,log_e5_rank,9240.42535352707,0.0043376895518005415
cold_wide,log_e5_geo_rank,156980.93789291382,0.07369082570100838
cold_wide,history_query_known,0.0,0.0
cold_wide,history_query_log_pairs,0.0,0.0
cold_wide,history_query_micro_entropy,0.0,0.0
cold_wide,history_query_top_micro_probability,0.0,0.0
cold_wide,geo_center_available,0.0,0.0
cold_wide,geo_transition_probability,27521.179069519043,0.01291913806300246
cold_wide,geo_transition_log_support,24293.117896556854,0.011403804440704823
mixed_wide,title_bm25,13757.764351844788,0.0032248508806376275
mixed_wide,body_bm25,12555.661207199097,0.0029430752021562543
mixed_wide,char_tfidf,8638.49400806427,0.002024882407987563
mixed_wide,filter_bm25,41009.84984970093,0.00961280096245371
mixed_wide,geo_compatibility,32086.77528476715,0.007521212232424084
mixed_wide,micro_compatibility,71618.5061044693,0.01678753877260441
mixed_wide,baseline_score,983779.5766592026,0.2306001435267594
mixed_wide,log_baseline_rank,2001444.7651748657,0.46914315062070866
mixed_wide,log_title_rank,7036.643895149231,0.0016494051418290633
mixed_wide,log_body_rank,38195.93606758118,0.008953213248473826
mixed_wide,log_char_rank,6188.65930557251,0.001450635648434089
mixed_wide,same_location,1655.9335203170776,0.0003881545383902314
mixed_wide,log_distance_km,190858.36446666718,0.04473762952952872
mixed_wide,title_token_coverage,3870.1993856430054,0.0009071834331397376
mixed_wide,body_token_coverage,154741.9533958435,0.036271861613421136
mixed_wide,title_idf_coverage,7732.329629898071,0.001812475441405099
mixed_wide,body_idf_coverage,31790.277468681335,0.007451712478041151
mixed_wide,query_in_title,1179.525899887085,0.0002764835215741795
mixed_wide,query_equals_title,58.419198989868164,1.3693591523346551e-05
mixed_wide,query_characters,7251.486276626587,0.0016997646788429847
mixed_wide,query_tokens,2257.744524002075,0.0005292203900488072
mixed_wide,log_filter_characters,17977.84299468994,0.004214046797917195
mixed_wide,rating_required,0.0,0.0
mixed_wide,rating_gap,193.84150314331055,4.5436883939068565e-05
mixed_wide,rating,24316.42144012451,0.005699823829634519
mixed_wide,log_reviews,59262.18470001221,0.013891189268168982
mixed_wide,log_price,16634.989733695984,0.0038992789758689277
mixed_wide,phone_hidden,633.9916944503784,0.0001486090778907034
mixed_wide,messages_forbidden,1266.7879943847656,0.00029693795262055773
mixed_wide,log_title_characters,13837.991077423096,0.003243656205399364
mixed_wide,log_description_characters,24043.91708469391,0.005635948196347477
mixed_wide,log_params_characters,22080.31678199768,0.00517567587277616
mixed_wide,e5_cosine,10146.931579589844,0.002378463564526914
mixed_wide,e5_geo_affinity,17717.94261932373,0.004153125565881019
mixed_wide,from_lexical_pool,35.11829948425293,8.231808317250547e-06
mixed_wide,from_semantic_pool,998.3737983703613,0.00023402106189211432
mixed_wide,log_e5_rank,19840.725261688232,0.004650710587586489
mixed_wide,log_e5_geo_rank,312812.89625167847,0.07332404583719773
mixed_wide,history_query_known,71.62120056152344,1.6788170359392906e-05
mixed_wide,history_query_log_pairs,478.8568992614746,0.0001122451332781915
mixed_wide,history_query_micro_entropy,25.475200653076172,5.971444281168903e-06
mixed_wide,history_query_top_micro_probability,0.0,0.0
mixed_wide,geo_center_available,0.0,0.0
mixed_wide,geo_transition_probability,63857.95198535919,0.014968447447501695
mixed_wide,geo_transition_log_support,42227.66025543213,0.009898258458231017
mixed_mined,title_bm25,12112.744092941284,0.00252336683598037
mixed_mined,body_bm25,14794.638055801392,0.0030820678397802336
mixed_mined,char_tfidf,9196.760105133057,0.0019158994254063278
mixed_mined,filter_bm25,35006.91517829895,0.007292756134621461
mixed_mined,geo_compatibility,54397.30550670624,0.011332226259308643
mixed_mined,micro_compatibility,57445.87094974518,0.01196731347631368
mixed_mined,baseline_score,842467.2124509811,0.17550555084693634
mixed_mined,log_baseline_rank,2724763.5151672363,0.567631730457267
mixed_mined,log_title_rank,6889.7566928863525,0.0014352968586973257
mixed_mined,log_body_rank,40756.65610599518,0.008490561145699226
mixed_mined,log_char_rank,6897.263391494751,0.0014368606789325086
mixed_mined,same_location,1545.2693195343018,0.0003219156058818349
mixed_mined,log_distance_km,172455.0126361847,0.035926397540117956
mixed_mined,title_token_coverage,3058.840286254883,0.0006372277062630492
mixed_mined,body_token_coverage,121047.13290500641,0.025216938327046846
mixed_mined,title_idf_coverage,7707.587344169617,0.0016056700397916932
mixed_mined,body_idf_coverage,34127.29487323761,0.007109510728872305
mixed_mined,query_in_title,1354.974247932434,0.0002822727083644597
mixed_mined,query_equals_title,0.0,0.0
mixed_mined,query_characters,8584.335074424744,0.0017883170212742874
mixed_mined,query_tokens,2364.067561149597,0.0004924903585883762
mixed_mined,log_filter_characters,19671.62713241577,0.0040980583041159615
mixed_mined,rating_required,0.0,0.0
mixed_mined,rating_gap,364.0330934524536,7.583657577250171e-05
mixed_mined,rating,24677.190117836,0.005140833709581759
mixed_mined,log_reviews,57551.389669418335,0.011989295484333936
mixed_mined,log_price,16943.79118347168,0.0035297865141115945
mixed_mined,phone_hidden,769.5953960418701,0.0001603246534884626
mixed_mined,messages_forbidden,1312.4186916351318,0.0002734073943923858
mixed_mined,log_title_characters,14296.011129379272,0.0029781922324029074
mixed_mined,log_description_characters,24393.24547100067,0.005081681423396173
mixed_mined,log_params_characters,22834.957100868225,0.0047570536459152985
mixed_mined,e5_cosine,9937.528490066528,0.0020702187407770833
mixed_mined,e5_geo_affinity,19171.491389274597,0.003993868375058822
mixed_mined,from_lexical_pool,52.28800010681152,1.0892808795172639e-05
mixed_mined,from_semantic_pool,2228.8034133911133,0.0004643116847939045
mixed_mined,log_e5_rank,15577.180114746094,0.0032450895848240824
mixed_mined,log_e5_geo_rank,327086.7047986984,0.0681397821208917
mixed_mined,history_query_known,0.0,0.0
mixed_mined,history_query_log_pairs,435.5390968322754,9.073294245189781e-05
mixed_mined,history_query_micro_entropy,0.0,0.0
mixed_mined,history_query_top_micro_probability,0.0,0.0
mixed_mined,geo_center_available,0.0,0.0
mixed_mined,geo_transition_probability,47363.03105926514,0.009866822984901082
mixed_mined,geo_transition_log_support,38591.174288749695,0.008039440824851361
