document,query_kind,weight,matched_recall50,unseen_macro,held_macro
baseline,plain,0.0,0.9541465603008474,0.9493382352941176,0.9508088235294118
long_description,plain,0.025,0.9533695916000601,0.9486029411764706,0.950514705882353
service_fields,with_filters,0.025,0.9532710540653586,0.9488970588235294,0.9502205882352941
service_fields,plain,0.025,0.9531673077501417,0.9486029411764706,0.9502205882352941
long_description,with_filters,0.025,0.9529331782059666,0.9483088235294118,0.9499264705882353
service_fields,with_filters,0.05,0.9523795669059933,0.9480147058823529,0.9499264705882353
long_description,with_filters,0.05,0.9523477212117365,0.9477205882352941,0.9499264705882353
service_fields,plain,0.05,0.952210440412221,0.9477205882352941,0.9499264705882353
long_description,plain,0.05,0.9521785947179643,0.9474264705882353,0.9499264705882353
service_fields,with_filters,0.1,0.9520844188938599,0.9483088235294118,0.9499264705882353
service_fields,plain,0.1,0.9516738925241366,0.9474264705882353,0.9493382352941176
long_description,plain,0.1,0.9515530328941335,0.9474264705882353,0.9490441176470589
long_description,with_filters,0.1,0.9511500233906646,0.9474264705882353,0.94875
