variant,trees,weight,matched_recall50,unseen_macro_recall50,actual_known_macro_recall50,held_context_macro_recall50,held_actual_known_fraction
both,200,0.75,0.9495279867465303,0.9450735294117647,0.9536960985626284,0.9453676470588235,0.7161764705882353
mlp,400,0.5,0.9494270873838817,0.94625,0.9528747433264887,0.9465441176470588,0.7161764705882353
both,400,0.5,0.9491607135483637,0.9458088235294118,0.9532854209445585,0.9468382352941176,0.7161764705882353
mlp,200,0.75,0.9489532976801426,0.94625,0.9512320328542094,0.944485294117647,0.7161764705882353
mlp,200,0.5,0.9489461670090553,0.945514705882353,0.9516427104722792,0.9447794117647059,0.7161764705882353
both,200,0.5,0.9486574171240982,0.944485294117647,0.9528747433264887,0.9450735294117647,0.7161764705882353
both,400,0.75,0.9485399954745892,0.9466911764705882,0.9516427104722792,0.9453676470588235,0.7161764705882353
both,400,1.0,0.9484057646637989,0.9458088235294118,0.9514373716632444,0.9449264705882353,0.7161764705882353
mlp,400,0.75,0.9483751128738216,0.9461029411764705,0.9524640657084189,0.9456617647058824,0.7161764705882353
nb,400,0.75,0.9482845576397885,0.94375,0.9504106776180699,0.9438970588235294,0.7161764705882353
both,200,1.0,0.9481169246944521,0.9447794117647059,0.9528747433264887,0.9453676470588235,0.7161764705882353
mlp,200,1.0,0.9480532631626841,0.9450735294117647,0.9516427104722792,0.9438970588235294,0.7161764705882353
nb,400,1.0,0.9478696394810262,0.9430147058823529,0.9504106776180699,0.9438970588235294,0.7161764705882353
nb,200,0.75,0.9477824980836009,0.9425735294117648,0.9495893223819302,0.9421323529411765,0.7161764705882353
v5,400,0.0,0.9476002382121281,0.9434558823529412,0.9504106776180699,0.9441911764705883,0.7161764705882353
nb,200,1.0,0.9475711609674569,0.9430147058823529,0.9483572895277207,0.9415441176470588,0.7161764705882353
mlp,400,1.0,0.9473243290437428,0.945514705882353,0.9514373716632444,0.9446323529411764,0.7161764705882353
nb,400,0.5,0.9470772500954425,0.94375,0.95,0.9438970588235294,0.7161764705882353
nb,200,0.5,0.9461636254620864,0.9422794117647059,0.9491786447638604,0.9427205882352941,0.7161764705882353
