variant,affinity,weight,matched_recall50,unseen_macro_recall50,actual_known_macro_recall50,held_context_macro_recall50,held_actual_known_fraction
epoch_3,geo,0.2,0.9486671406263638,0.9440441176470589,0.952258726899384,0.945514705882353,0.7161764705882353
epoch_3,cosine,0.1,0.9484799444153504,0.9452205882352941,0.9510266940451746,0.9452205882352941,0.7161764705882353
epoch_1,geo,0.1,0.9483383000257952,0.94375,0.9518480492813142,0.9452205882352941,0.7161764705882353
epoch_1,cosine,0.1,0.9483125869869364,0.9449264705882353,0.9514373716632444,0.9452205882352941,0.7161764705882353
epoch_3,cosine,0.05,0.9481176573823691,0.9449264705882353,0.9504106776180699,0.9450735294117647,0.7161764705882353
epoch_1,geo,0.2,0.9480279320545715,0.9431617647058823,0.952258726899384,0.9461029411764705,0.7161764705882353
epoch_1,cosine,0.05,0.94800823948558,0.9446323529411764,0.9504106776180699,0.9450735294117647,0.7161764705882353
epoch_3,geo,0.1,0.9479008525632752,0.9431617647058823,0.952258726899384,0.945514705882353,0.7161764705882353
epoch_3,geo,0.05,0.9478939429902775,0.94375,0.9504106776180699,0.944485294117647,0.7161764705882353
epoch_1,geo,0.05,0.9476276575684994,0.9434558823529412,0.9504106776180699,0.9438970588235294,0.7161764705882353
epoch_1,cosine,0.0,0.9476002382121281,0.9434558823529412,0.9504106776180699,0.9441911764705883,0.7161764705882353
epoch_1,cosine,0.02,0.9476002382121281,0.9434558823529412,0.9504106776180699,0.9447794117647059,0.7161764705882353
epoch_1,geo,0.0,0.9476002382121281,0.9434558823529412,0.9504106776180699,0.9441911764705883,0.7161764705882353
epoch_3,cosine,0.0,0.9476002382121281,0.9434558823529412,0.9504106776180699,0.9441911764705883,0.7161764705882353
epoch_3,cosine,0.02,0.9476002382121281,0.9434558823529412,0.9504106776180699,0.9447794117647059,0.7161764705882353
epoch_3,geo,0.0,0.9476002382121281,0.9434558823529412,0.9504106776180699,0.9441911764705883,0.7161764705882353
frozen,cosine,0.0,0.9476002382121281,0.9434558823529412,0.9504106776180699,0.9441911764705883,0.7161764705882353
frozen,cosine,0.02,0.9476002382121281,0.9434558823529412,0.9504106776180699,0.9441911764705883,0.7161764705882353
frozen,geo,0.0,0.9476002382121281,0.9434558823529412,0.9504106776180699,0.9441911764705883,0.7161764705882353
epoch_1,geo,0.02,0.9475876502461545,0.9434558823529412,0.95,0.9438970588235294,0.7161764705882353
epoch_3,geo,0.02,0.9475876502461545,0.9434558823529412,0.95,0.9438970588235294,0.7161764705882353
frozen,cosine,0.05,0.9475222790178205,0.9440441176470589,0.9504106776180699,0.944485294117647,0.7161764705882353
frozen,cosine,0.1,0.9475189913632259,0.9443382352941176,0.9506160164271047,0.9449264705882353,0.7161764705882353
epoch_3,cosine,0.2,0.9470449706695349,0.9436029411764706,0.9502053388090349,0.9446323529411764,0.7161764705882353
frozen,geo,0.02,0.9467894116798556,0.9431617647058823,0.9495893223819302,0.9433088235294118,0.7161764705882353
frozen,geo,0.05,0.9466316168088855,0.9428676470588235,0.9495893223819302,0.9430147058823529,0.7161764705882353
epoch_1,cosine,0.2,0.9464057144812538,0.9427205882352941,0.9493839835728953,0.94375,0.7161764705882353
frozen,geo,0.1,0.9463039793079174,0.9413970588235294,0.9510266940451746,0.94375,0.7161764705882353
frozen,cosine,0.2,0.945578142472218,0.9416911764705882,0.9481519507186859,0.9422794117647059,0.7161764705882353
frozen,geo,0.2,0.9441570745164216,0.93875,0.9489733059548254,0.9419852941176471,0.7161764705882353
