mode,query,filters,miss_type,positive_rank,positive_title,same_location,item_seen_in_permitted_history,query_item_seen_in_permitted_history,positive_rating,positive_reviews
unseen_text,старокорсунская,Тип услуги Кровельные работы Вид услуги Строительство,retrieval,,Кровельные работы/ремонт кровли/кровля под ключ,True,False,False,4.826086956521739,23.0
unseen_text,бара грунторез,,ranking,106.0,Подключение электричества 30 рабочих дней,True,False,False,4.962441314553991,426.0
unseen_text,скупка телевизоров на запчасти,Вид услуги,ranking,99.0,"Скупка любой техники и золота, 24/7",True,False,False,4.514101057579318,3404.0
unseen_text,аренда авто,"Вид услуги Автосервис, аренда Тип услуги Аренда авто",ranking,520.0,Аренда BMW 530i без залога и лимита,False,False,False,4.6923076923076925,39.0
unseen_text,аренда гуся,Чем вы занимаетесь Фото Вид услуги Фото- и видеосъёмка,retrieval,,"Фотосессия, животные, ферма, козы, бараны, гуси",False,False,False,5.0,83.0
unseen_text,наращивание волос рассрочка,"Тип услуги Услуги парикмахера Вид услуги Красота, здоровье",ranking,214.0,Лучшее наращивание биопротеиновых волос,False,False,False,5.0,20.0
unseen_text,бригада белорусов,,ranking,105.0,Ремонтно- отделочные работы по квартире,True,False,False,4.944444444444445,18.0
unseen_text,автоюрист,Срочная услуга (мультистатус) Сегодня Срочная услуга (мультистатус) Сейчас Вид услуги Деловые услуги Тип услуги Юридические услуги,ranking,53.0,Военный юрист. Стаж 20 лет,True,False,False,4.74468085106383,94.0
unseen_text,ремонт автомобильных колонок,Вид услуги Ремонт и обслуживание техники,ranking,112.0,"Ремонт динамиков и сабвуферов, акустики",False,False,False,5.0,13.0
unseen_text,авто электрик,"Тип услуги автосервиса Диагностика и ремонт авто Вид услуги Автосервис, аренда Тип услуги Автосервис",ranking,70.0,Автоэлектрик с выездом для легковых авто,False,False,False,4.5,42.0
unseen_text,курсы медсестер,"Вид услуги Обучение, курсы",ranking,1166.0,Курсы Медицинский регистратор Младшая медсестра,False,False,False,5.0,9.0
unseen_text,услуги разнорабочих все виды работ,Кто оказывает услуги Компания,ranking,100.0,Разнорабочие Подсобник Разнорабочий Услуги,False,False,False,4.689655172413793,116.0
unseen_text,прически укладки,"Вид услуги Красота, здоровье",ranking,55.0,"Парикмахер, окрашивание, мелирование, стрижка",True,False,False,4.969026548672566,226.0
unseen_text,смм,Вид услуги Деловые услуги Тип услуги,ranking,105.0,Смм менеджер SMM специалист Таргетолог,False,False,False,,1.0
unseen_text,ремонт стартеров,"Тип услуги автосервиса Диагностика и ремонт авто Вид услуги Автосервис, аренда Тип услуги Автосервис",ranking,65.0,Ремонт ваз передний привод,False,False,False,4.982300884955753,113.0
unseen_text,тепловизор,,retrieval,,Аренда инструмента без залога,True,False,False,4.885286783042394,802.0
unseen_text,гидромолот,,ranking,110.0,Демонтаж бетона,False,False,False,4.928571428571429,42.0
unseen_text,бухгалтерия для ип,,ranking,65.0,Бухгалтер-маркетплейс удаленно. УСН на НДС 2025 г,True,False,False,5.0,43.0
unseen_text,перевезти диван,Вид услуги Грузоперевозки,ranking,118.0,Грузоперевозки Заказать газель Грузчики Переезды,False,False,False,4.784172661870503,139.0
unseen_text,сантехник метро раменки,Тип услуги Сантехника Вид услуги Ремонт и отделка,ranking,95.0,"Мастер на час, все виды работ (частный мастер)",True,False,False,5.0,65.0
unseen_text,прокат велосипедов беговая,Вид услуги Другое,ranking,52.0,Аренда электровелосипеда Minako Василеостровская,False,False,False,5.0,9.0
unseen_text,эндоскоп,,ranking,60.0,Диагностика двигателя автомобиля,True,False,False,0.0,0.0
unseen_text,кровля,Вид услуги Строительство,retrieval,,"Кровля,дач, домов, заборы, франтоны, обшивка сайди",False,False,False,4.986666666666666,75.0
unseen_text,баня аренда,,ranking,164.0,Баня на дровах с купелью,False,False,False,4.975,120.0
unseen_text,разработка приложений iherb,Вид услуги Деловые услуги Тип услуги,ranking,88.0,Разработка мобильных приложений – внедряем Ии,False,False,False,5.0,24.0
unseen_text,интим девочка,Вид услуги Ремонт и отделка,ranking,70.0,Массаж лица и тела,False,False,False,5.0,2.0
unseen_text,печать на джерси,,ranking,139.0,Сублимационная печать на ткани Гарантия качества,True,False,False,5.0,38.0
unseen_text,байер финляндия,,ranking,78.0,Ваш Личный Байер из Франции в Европе Доставка в РФ,False,False,False,5.0,31.0
unseen_text,мастер класс для взрослых,"Вид услуги Обучение, курсы",ranking,77.0,"Мастер-классы-классы по живописи, арт-вечеринки",False,False,False,5.0,1.0
unseen_text,развлечения,,ranking,84.0,Дом с чаном в лесу,False,False,False,4.769230769230769,26.0
unseen_text,вывоз деревьев с грузчиками,Вид услуги Вывоз мусора и вторсырья,ranking,168.0,Вывоз мусора контейнером 8 м3,False,False,False,4.5,8.0
unseen_text,приемка шин на переработку,,ranking,80.0,Утилизация и вывоз шин,False,False,False,1.0,1.0
unseen_text,аренда mercedes v класс,,ranking,55.0,Аренда минивэна Mercedes V-class с водителем,True,False,False,5.0,25.0
unseen_text,коррекция наращивания ногтей,"Онлайн-запись Тип услуги Маникюр, педикюр Вид услуги Красота, здоровье",ranking,92.0,Маникюр и педикюр быстро и качественно,True,False,False,4.9375,144.0
unseen_text,скупка домашней мебели,Вид услуги,ranking,87.0,"Деньги за старый хлам, скупаю и вывожу сам",False,False,False,5.0,41.0
unseen_text,неотрайбл тату,"Тип услуги Тату, пирсинг Вид услуги Красота, здоровье",ranking,595.0,Тату мастер,False,False,False,5.0,1.0
unseen_text,стрижка котов,Вид услуги Уход за животными,ranking,71.0,Стрижка собак и кошек,False,False,False,5.0,45.0
unseen_text,выгул собак,Вид услуги Уход за животными,ranking,59.0,Выгул собак в ваше отсутсвие,False,False,False,5.0,3.0
unseen_text,кабинет косметолога аренда,"Вид услуги Красота, здоровье",ranking,54.0,Аренда кабинета с медицинской лицензией,True,True,False,4.851851851851852,27.0
unseen_text,ремонт айфона,Тип услуги Мобильные устройства Вид услуги Ремонт и обслуживание техники,ranking,165.0,Замена заднего стекла iPhone,True,False,False,4.8969696969696965,495.0
unseen_text,афрокосы девочке,"Тип услуги Услуги парикмахера Вид услуги Красота, здоровье",ranking,98.0,"Афрокосы, брейды, сенегалки",True,False,False,5.0,4.0
unseen_text,ремонт пола спб,Тип услуги Полы и напольные покрытия Вид услуги Ремонт и отделка,ranking,54.0,Замена пола,False,True,False,4.991735537190083,121.0
unseen_text,фотограф индивидуальный,Вид услуги Фото- и видеосъёмка,ranking,74.0,Фотограф Москва Фотоессия в студии/на улице,True,False,False,5.0,11.0
unseen_text,ищу парня,,ranking,374.0,Поздравление от Белого Медведя,True,False,False,4.994490358126722,726.0
unseen_text,снятие блокировки iphone,Тип услуги Мобильные устройства Вид услуги Ремонт и обслуживание техники,ranking,77.0,"Разблокировка телефонов Xiaomi,iPhone, Huawei id",False,False,False,4.969907407407407,432.0
unseen_text,ремонт ноутбуков удаленно,Тип услуги Компьютеры Вид услуги Компьютерная помощь,ranking,80.0,Компьютерный мастер ремонт компьютеров ноутбуков,False,False,False,4.972602739726027,146.0
unseen_text,откачка септиков и выгребных ям,"Вид услуги Автосервис, аренда Тип услуги Аренда спецтехники",ranking,119.0,Аренда и обслуживание биотуалетов,False,False,False,5.0,23.0
unseen_text,перетянуть диван,Тип услуги Сборка и ремонт мебели Вид услуги Ремонт и отделка,ranking,75.0,Ремонт диванов и кроватей на дому,True,False,False,5.0,6.0
unseen_text,оценка антиквариата,Вид услуги,ranking,96.0,Выкуп вещей СССР из квартир и гаражей,False,False,False,4.921568627450981,102.0
unseen_text,парикмахер мужской мастер,"Онлайн-запись Тип услуги Услуги парикмахера Вид услуги Красота, здоровье",ranking,186.0,"Барбер,Мужской парикмахер, Парикмахер",False,False,False,4.980392156862745,51.0
unseen_text,заточка садового инструмента,,ranking,200.0,Домашнее копчение на профессиональном оборудовании,True,False,False,5.0,29.0
unseen_text,рабочий на участок,Тип услуги Разнорабочие Вид услуги Строительство,ranking,73.0,Услуги разнорабочих,False,False,False,4.904761904761905,21.0
unseen_text,тренер по кс 2,"Вид услуги Обучение, курсы",ranking,349.0,Тренер по кс2-cs2/ex-120 и 270eu/20+k часов,False,False,False,4.972602739726027,73.0
unseen_text,мастер по изготовлению мебели,,ranking,116.0,Мебель на заказ под ключ,False,False,False,5.0,84.0
unseen_text,ремонт аккумуляторов iphone,,ranking,355.0,Убираем полосы Ремонт MacBook Замена матрицы,True,False,False,4.745283018867925,212.0
unseen_text,вышибала,,retrieval,,"Личная охрана, Решение Любых Вопросов",False,False,False,5.0,6.0
unseen_text,липосакция,"Вид услуги Красота, здоровье",ranking,82.0,Липоредукция живота,False,False,False,5.0,11.0
unseen_text,прикурить автомобиль,,ranking,160.0,"Аварийное вскрытие, взлом замков / дверей / авто",False,False,False,5.0,17.0
unseen_text,пилатес зеленогорск,,ranking,92.0,Тренер по фитнесу и осанке,True,False,False,5.0,7.0
unseen_text,заказ минивэна,,ranking,635.0,Перевозка и сопровождение пассажиров и грузов,True,False,False,4.890625,64.0
unseen_text,аренда помещения,,ranking,65.0,Переговорная / кабинет / коворкинг почасово,False,False,False,,
unseen_text,ателье по ремонту одежды,Вид услуги Бытовые услуги Тип услуги Пошив и ремонт одежды,ranking,59.0,"Ремонт куртки, ремонт пуховика, ремонт пальто",True,False,False,4.714285714285714,14.0
unseen_text,установка опалубки,Вид услуги Строительство,retrieval,,Фундамент под ключ с гарантией 15 лет,False,False,False,5.0,9.0
unseen_text,временная прописка,,ranking,87.0,Бесплатная земля от государства,False,False,False,4.826923076923077,104.0
unseen_text,астрахань рыбалка,"Вид услуги Праздники, мероприятия",ranking,87.0,Рыбалка в Астрахани с проживанием,False,False,False,5.0,7.0
unseen_text,ремонт брелков starline,,ranking,270.0,Изготовление автоключей с чипом в Железнодорожном,False,False,False,4.9921259842519685,127.0
unseen_text,курсы,"Вид услуги Обучение, курсы",ranking,189.0,Курсы шитья для начинающих,False,False,False,5.0,13.0
unseen_text,монтаж поликарбоната,"Вид услуги Сад, благоустройство",ranking,66.0,Трезвый монтажник. Каркас для забора,True,False,False,4.659090909090909,88.0
unseen_text,строительство домов семейная ипотека,Вид услуги Строительство,retrieval,,Газобетон теплый контур,False,False,False,5.0,26.0
unseen_text,поездки в казахстан,,ranking,75.0,Банковская карта зарубежного банка,True,False,False,4.9508670520231215,346.0
unseen_text,услуги экстрасенса,"Кто оказывает услуги Частный исполнитель Вид услуги Обучение, курсы",ranking,109.0,Эзотерик приворот на деньги/на удачу,False,False,False,5.0,18.0
unseen_text,массаж лица,"Вид услуги Красота, здоровье",ranking,58.0,Косметолог эстетист по лицу и телу,True,False,False,4.975609756097561,82.0
unseen_text,ремонт google pixel,Тип услуги Мобильные устройства Вид услуги Ремонт и обслуживание техники,ranking,75.0,Ремонт телефонов Сервисный Центр “Reconnect”,True,False,False,4.813953488372093,43.0
unseen_text,благоустройство участка,,ranking,53.0,Аренда мини погрузчика Bobcat и пересадка деревьев,True,False,False,4.905263157894737,95.0
unseen_text,написание статей экономика промышленности,,ranking,159.0,Статьи - ринц - вак- скопус - тексты -написание,False,False,False,5.0,17.0
unseen_text,пригоню авто,Вид услуги,ranking,84.0,"Пригон Авто из рб, Грузии, Японии, Кореи под ключ",False,False,False,4.944099378881988,161.0
unseen_text,скупка фотоаппаратов,,ranking,169.0,Выкуп компактных фотоаппаратов / Скупка мыльниц,False,False,False,4.9546925566343045,1236.0
unseen_text,белый мишка поздравление,"Вид услуги Праздники, мероприятия",ranking,64.0,Белый мишка поздравление Чебурашка Панда Лабубу,False,False,False,5.0,50.0
unseen_text,а фрейм,"Вид услуги Праздники, мероприятия",retrieval,,Организация отдыха в предгорье с баней и чаном,True,False,False,5.0,67.0
unseen_text,английский язык репетитор,,ranking,560.0,Репетитор по английскому языку,False,False,False,4.6923076923076925,13.0
unseen_text,сурдопедагог,Кто оказывает услуги Частный исполнитель Кто оказывает услуги Компания,ranking,83.0,Логопед,False,False,False,5.0,7.0
unseen_text,немецкий язык,"Предмет или специальность Немецкий язык Тип услуги Иностранные языки Вид услуги Обучение, курсы",ranking,89.0,Репетитор по немецкому языку,False,False,False,,
unseen_text,косметолог,"Вид услуги Красота, здоровье",ranking,312.0,Аппаратная косметология холодная плазма,False,False,False,5.0,13.0
unseen_text,инженер проектировщик,Вид услуги Строительство,ranking,357.0,Проектирование Фундаментов и Домов - Архитектор,False,False,False,5.0,93.0
unseen_text,отдых для двоих,,ranking,137.0,Организация мероприятий,True,False,False,5.0,65.0
unseen_text,ассенизатор,"Вид услуги Автосервис, аренда Тип услуги Аренда спецтехники",ranking,92.0,Ассенизатор. Откачка ям и септиков,False,False,False,5.0,73.0
unseen_text,ламинирование бровей,"Вид услуги Красота, здоровье",ranking,108.0,Ламинирование ресниц,False,False,False,5.0,19.0
unseen_text,организатор свадьбы,"Вид услуги Праздники, мероприятия",ranking,160.0,Свадебный организатор / координатор,False,False,False,5.0,16.0
unseen_text,сборка шкафа купе,Тип услуги Сборка и ремонт мебели Вид услуги Ремонт и отделка,ranking,63.0,Сборка И ремонт мебели,False,False,False,4.8,5.0
unseen_text,репетитор по английскому языку станкевич,"Тип услуги Иностранные языки Вид услуги Обучение, курсы",ranking,336.0,"Репетитор англ, испанский, португальский, немецкий",True,False,False,5.0,12.0
unseen_text,настилка крыш,Кто оказывает услуги Компания Кто оказывает услуги Частный исполнитель,ranking,104.0,Внутренняя отделка,True,False,False,5.0,8.0
unseen_text,почасовая аренда,"Вид услуги Обучение, курсы",ranking,59.0,Аренда танцевального зала,True,False,False,5.0,2.0
unseen_text,дипломная работа оформление,"Вид услуги Обучение, курсы",ranking,234.0,"Дипломная, курсовая, ВКР, магистерская диссертация",False,False,False,5.0,10.0
unseen_text,лофт для свадьбы,"Вид услуги Праздники, мероприятия",ranking,78.0,Два стильных зала для свадьбы. Все включено,False,False,False,4.926829268292683,41.0
unseen_text,ремонт кухни,Вид услуги Ремонт и отделка,ranking,118.0,Эконом ремонт квартир и отдельных помещений,True,False,False,,2.0
unseen_text,выврз мусора,Вид услуги Вывоз мусора и вторсырья,ranking,77.0,Вывоз мусора Газель/Зил/Камаз,False,False,False,4.983870967741935,62.0
unseen_text,экскурсии,,ranking,696.0,"Сдаём домики в п.Вышка (рядом Жемчуг, Аршан)",False,False,False,5.0,15.0
unseen_text,реставратор паркета,Вид услуги Ремонт и отделка,ranking,53.0,Реставрация на месте,True,False,False,4.994186046511628,172.0
unseen_text,изготовление визиток,Вид услуги Деловые услуги Тип услуги,ranking,210.0,Изготовление 3D стикеров / Наклейки из смолы опт,True,False,False,,
unseen_text,стрижка собак дзержинский,Вид услуги Уход за животными,ranking,53.0,Стрижка кошек. Вычес кошек и собак. Люберцы,False,False,False,4.9714285714285715,105.0
unseen_text,токарные работы чпу,"Вид услуги Оборудование, производство",ranking,57.0,Токарные работы. Металлообработка,False,False,False,5.0,2.0
unseen_text,саларьево,"Тип услуги Макияж Вид услуги Красота, здоровье",retrieval,,"Макияж, причёски, укладки на свадьбу, фотоссесию",True,False,False,4.957446808510638,47.0
unseen_text,клоун на праздник,,ranking,124.0,Спектакль на ваше мероприятие,True,False,False,4.942446043165468,139.0
unseen_text,замена накладки входной двери,Тип услуги Двери Вид услуги Ремонт и отделка,ranking,62.0,Шумоизоляция входной двери,True,False,False,4.982142857142857,56.0
unseen_text,установка ос удаленно,Услуга Установка программы Тип услуги Компьютеры Вид услуги Компьютерная помощь,ranking,106.0,Установка операционной системы,False,False,False,5.0,8.0
unseen_text,3д печать шильдиков,,ranking,941.0,Печать изделий на 3D-принтере,False,False,False,5.0,6.0
unseen_text,сборка мебели ремонт,Вид услуги Ремонт и отделка,ranking,179.0,Сборщик мебели,False,False,False,5.0,45.0
unseen_text,моментальный загар обучение,"Вид услуги Обучение, курсы",ranking,112.0,"Абонемент на месяц: фитнес, пилатес, растяжка",True,False,False,5.0,7.0
unseen_text,культиватор аренда,,ranking,55.0,Аренда и прокат строительного инструмента,False,False,False,4.054054054054054,185.0
unseen_text,айклауд создать,Тип услуги Мобильные устройства Вид услуги Ремонт и обслуживание техники,retrieval,,"Разблокировка телефонов Xiaomi,iPhone, Huawei id",False,False,False,4.969907407407407,432.0
unseen_text,написание индивидуального проекта для колледжа,"Вид услуги Обучение, курсы",ranking,73.0,Школьные проекты,False,False,False,5.0,36.0
unseen_text,лофт для мероприятий,,ranking,195.0,Аренда зала для: йога мастер класс тренинг семинар,True,False,False,4.555555555555555,18.0
unseen_text,ремонт мебели рестоврация,Вид услуги Ремонт и отделка,ranking,223.0,Реставрация паркета и напольных покрытий,True,False,False,5.0,30.0
unseen_text,лофт,"Вид услуги Праздники, мероприятия",ranking,56.0,Аренда купола с панорамным видом,True,False,False,4.925925925925926,27.0
unseen_text,установка акриловый вкладыша в ванну,Вид услуги Ремонт и отделка,ranking,61.0,Реставрация ванн без посредников,True,False,False,4.988235294117647,170.0
unseen_text,торт 3 шоколада,,ranking,76.0,Торт Медовик на заказ,True,False,False,4.960591133004926,203.0
unseen_text,аренда помещения на праздник,,ranking,113.0,Пространство для мероприятий и праздников,True,False,False,,
unseen_text,мастер по ремонту ванной комнаты,Вид услуги Ремонт и отделка,ranking,283.0,Ремонт ванной комнаты пвх панелями,False,False,False,5.0,3.0
unseen_text,дым на свадьбу,"Вид услуги Праздники, мероприятия",ranking,242.0,Дневной салют на Свадьбу и Гендер Пати +запуск,False,False,False,,0.0
unseen_text,стены,,ranking,276.0,Штукатурка ручная стен и потолков по маякам,False,True,False,4.2727272727272725,11.0
unseen_text,бассейны/баня,Срочная услуга (мультистатус) Сейчас Срочная услуга (мультистатус) Сегодня Срочная услуга (мультистатус) Завтра,ranking,250.0,"Финская сауна, караоке, лофт",True,False,False,5.0,21.0
unseen_text,пошив мягких игрушек на заказ,,ranking,68.0,Индивидуальный пошив мягких игрушек на заказ,False,False,False,5.0,34.0
unseen_text,установка люстр,Тип услуги Участие в пилоте CPL Вид услуги Ремонт и отделка,ranking,139.0,Услуги мастер на час,False,False,False,5.0,39.0
unseen_text,вывоз мусора 15 кубов,Вид услуги Вывоз мусора и вторсырья,ranking,53.0,Вывоз строительного мусора камаз самосвал,True,False,False,5.0,2.0
unseen_text,контейнер для мусора 8 м3 аренда,Вид услуги Вывоз мусора и вторсырья,ranking,88.0,Вывоз мусора в Железнодорожном,False,False,False,4.870967741935484,62.0
unseen_text,покраска решеток на окнах,,retrieval,,Изготовление металических изделий на заказ,True,False,False,5.0,60.0
unseen_text,психолог бесплатно,,ranking,66.0,Тренер - психолог по кс 2,True,False,False,4.416666666666667,12.0
unseen_text,массаж в спб расслабляющий с релаксам,,ranking,89.0,Массаж в Балтийской Жемчужине,True,False,False,5.0,3.0
unseen_text,монтаж систем водоснабжения в квартире,,ranking,420.0,Слесарь сантехник,True,False,False,4.961904761904762,105.0
unseen_text,ремонт ресиверов denon,,ranking,75.0,Ремонт ламповых усилителей,False,False,False,5.0,48.0
unseen_text,массаж на дому для мужшин,,ranking,187.0,Массаж,True,False,False,3.6666666666666665,3.0
unseen_text,окрашивание волос модель рыжый,"Тип услуги Услуги парикмахера Вид услуги Красота, здоровье",ranking,171.0,Окрашивание волос блонд/цвет исправление Мурино,False,False,False,4.927272727272728,110.0
unseen_text,скупка моторов двс,Вид услуги Вывоз мусора и вторсырья,ranking,122.0,Прием кабеля в изоляции / скупка кабеля бу,True,False,False,5.0,99.0
unseen_text,аренда террасы,"Вид услуги Праздники, мероприятия",ranking,210.0,Площадка для мероприятий,True,False,False,5.0,15.0
unseen_text,записаться на ресницы,"Тип услуги Ресницы, брови Вид услуги Красота, здоровье",ranking,68.0,Наращивание ресниц 80 мин LED наращивание,True,False,False,4.904761904761905,42.0
unseen_text,реставрация мрамора,,ranking,59.0,"Полировка мрамора, шлифовка гранита, шлифовка пола",False,False,False,5.0,3.0
unseen_text,репетитор по флейте,,ranking,88.0,Уроки эстрадно джазового вокала офлайн/онлайн,True,False,False,5.0,3.0
unseen_text,сантехнические перегородки,Вид услуги Ремонт и отделка,retrieval,,Механизированная штукатурка,False,False,False,4.956989247311828,93.0
unseen_text,детали машин,"Кто оказывает услуги Частный исполнитель Вид услуги Обучение, курсы",retrieval,,Помощь студентам,False,False,False,5.0,55.0
unseen_text,аренда porsche,"Аренда авто Авто для личного использования Вид услуги Автосервис, аренда Тип услуги Аренда авто",ranking,103.0,Аренда lamborghini huracan,False,False,False,5.0,64.0
unseen_text,компьютерные мастера,Вид услуги Компьютерная помощь,ranking,391.0,Ремонт компьютеров и ноутбуков компьютерный мастер,False,True,False,4.84,25.0
unseen_text,рабочие по ремонту квартир,,ranking,604.0,Ремонт квартир под ключ за 45 дней,False,False,False,4.776119402985074,67.0
unseen_text,рисунок на стене,Вид услуги Искусство,ranking,57.0,Роспись стен,False,False,False,5.0,11.0
unseen_text,установить карниз для штор,,ranking,78.0,"Мастер на час. Митино, Тушино",False,False,False,5.0,13.0
unseen_text,место для свадьбы,,ranking,52.0,Авто на свадьбу/трансфер/вип такси/сопровождение,True,False,False,4.9298245614035086,57.0
unseen_text,массаж мужчинам,,ranking,58.0,"Массаж "" мужское здоровье """,False,False,False,,
unseen_text,визитки по установке кондиционера,Вид услуги,ranking,79.0,Визитки/листовки/баннеры,True,False,False,4.921568627450981,51.0
unseen_text,эротичиский массаж,,ranking,74.0,Тантрический массаж,True,False,False,,
unseen_text,передежка кошек,Вид услуги Уход за животными,ranking,135.0,"Передержка кошек, собак и т. д. Зоогостиница",False,False,False,4.963636363636364,110.0
unseen_text,наращивание ресниц за час,"Онлайн-запись Тип услуги Ресницы, брови Вид услуги Красота, здоровье",ranking,71.0,Наращивание ресниц/LED-наращивание ресниц,False,True,False,4.773109243697479,119.0
unseen_text,ремонт apple,Тип услуги Мобильные устройства Вид услуги Ремонт и обслуживание техники,ranking,160.0,Замена заднего стекла iPhone 16/15/14pro max/13/12,True,False,False,4.947826086956522,230.0
unseen_text,объемные наклейки,Вид услуги,ranking,514.0,Изготовление 3 D стикеров / Стикерпаков на заказ,False,False,False,4.854838709677419,62.0
unseen_text,чистка компьютеров,Вид услуги Ремонт и обслуживание техники,retrieval,,"Ремонт аудиотехники, усилителей, ресиверов Выезд",False,False,False,5.0,5.0
unseen_text,ул российская,"Тип услуги Грузчики Вид услуги Грузчики, складские услуги",retrieval,,Грузчики Грузоперевозки,True,False,False,4.98005698005698,351.0
unseen_text,гараж сборный из сип панели,Вид услуги Строительство,retrieval,,Дом Афрейм каркасный домокомплект шалаш дача,False,False,False,4.642857142857143,14.0
unseen_text,йога,,ranking,123.0,Персональные тренировки на результат,False,False,False,5.0,4.0
unseen_text,резьба по дереву,,retrieval,,"Ремонт фотоаппаратов, фотовспышек, проекторов",False,False,False,5.0,9.0
held_context,старокорсунская,Тип услуги Кровельные работы Вид услуги Строительство,retrieval,,Кровельные работы/ремонт кровли/кровля под ключ,True,False,False,4.826086956521739,23.0
held_context,бара грунторез,,ranking,109.0,Подключение электричества 30 рабочих дней,True,False,False,4.962441314553991,426.0
held_context,скупка телевизоров на запчасти,Вид услуги,ranking,80.0,"Скупка любой техники и золота, 24/7",True,False,False,4.514101057579318,3404.0
held_context,аренда авто,"Вид услуги Автосервис, аренда Тип услуги Аренда авто",ranking,814.0,Аренда BMW 530i без залога и лимита,False,False,False,4.6923076923076925,39.0
held_context,аренда гуся,Чем вы занимаетесь Фото Вид услуги Фото- и видеосъёмка,retrieval,,"Фотосессия, животные, ферма, козы, бараны, гуси",False,False,False,5.0,83.0
held_context,наращивание волос рассрочка,"Тип услуги Услуги парикмахера Вид услуги Красота, здоровье",ranking,215.0,Лучшее наращивание биопротеиновых волос,False,False,False,5.0,20.0
held_context,бригада белорусов,,ranking,127.0,Ремонтно- отделочные работы по квартире,True,False,False,4.944444444444445,18.0
held_context,автоюрист,Срочная услуга (мультистатус) Сегодня Срочная услуга (мультистатус) Сейчас Вид услуги Деловые услуги Тип услуги Юридические услуги,ranking,52.0,Военный юрист. Стаж 20 лет,True,False,False,4.74468085106383,94.0
held_context,ремонт автомобильных колонок,Вид услуги Ремонт и обслуживание техники,ranking,101.0,"Ремонт динамиков и сабвуферов, акустики",False,False,False,5.0,13.0
held_context,авто электрик,"Тип услуги автосервиса Диагностика и ремонт авто Вид услуги Автосервис, аренда Тип услуги Автосервис",ranking,62.0,Автоэлектрик с выездом для легковых авто,False,False,False,4.5,42.0
held_context,курсы медсестер,"Вид услуги Обучение, курсы",ranking,1162.0,Курсы Медицинский регистратор Младшая медсестра,False,False,False,5.0,9.0
held_context,услуги разнорабочих все виды работ,Кто оказывает услуги Компания,ranking,98.0,Разнорабочие Подсобник Разнорабочий Услуги,False,False,False,4.689655172413793,116.0
held_context,смм,Вид услуги Деловые услуги Тип услуги,ranking,95.0,Смм менеджер SMM специалист Таргетолог,False,False,False,,1.0
held_context,ремонт стартеров,"Тип услуги автосервиса Диагностика и ремонт авто Вид услуги Автосервис, аренда Тип услуги Автосервис",ranking,61.0,Ремонт ваз передний привод,False,False,False,4.982300884955753,113.0
held_context,тепловизор,,retrieval,,Аренда инструмента без залога,True,False,False,4.885286783042394,802.0
held_context,гидромолот,,ranking,63.0,Демонтаж бетона,False,False,False,4.928571428571429,42.0
held_context,аренда волейбольного зала,,ranking,77.0,Аренда спортивного зала,True,False,False,5.0,1.0
held_context,бухгалтерия для ип,,ranking,65.0,Бухгалтер-маркетплейс удаленно. УСН на НДС 2025 г,True,False,False,5.0,43.0
held_context,перевезти диван,Вид услуги Грузоперевозки,ranking,94.0,Грузоперевозки Заказать газель Грузчики Переезды,False,False,False,4.784172661870503,139.0
held_context,сантехник метро раменки,Тип услуги Сантехника Вид услуги Ремонт и отделка,ranking,96.0,"Мастер на час, все виды работ (частный мастер)",True,False,False,5.0,65.0
held_context,прокат велосипедов беговая,Вид услуги Другое,ranking,53.0,Аренда электровелосипеда Minako Василеостровская,False,False,False,5.0,9.0
held_context,эндоскоп,,ranking,67.0,Диагностика двигателя автомобиля,True,False,False,0.0,0.0
held_context,кровля,Вид услуги Строительство,retrieval,,"Кровля,дач, домов, заборы, франтоны, обшивка сайди",False,False,False,4.986666666666666,75.0
held_context,баня аренда,,ranking,154.0,Баня на дровах с купелью,False,False,False,4.975,120.0
held_context,разработка приложений iherb,Вид услуги Деловые услуги Тип услуги,ranking,81.0,Разработка мобильных приложений – внедряем Ии,False,False,False,5.0,24.0
held_context,интим девочка,Вид услуги Ремонт и отделка,ranking,77.0,Массаж лица и тела,False,False,False,5.0,2.0
held_context,печать на джерси,,ranking,132.0,Сублимационная печать на ткани Гарантия качества,True,False,False,5.0,38.0
held_context,байер финляндия,,ranking,79.0,Ваш Личный Байер из Франции в Европе Доставка в РФ,False,False,False,5.0,31.0
held_context,мастер класс для взрослых,"Вид услуги Обучение, курсы",ranking,86.0,"Мастер-классы-классы по живописи, арт-вечеринки",False,False,False,5.0,1.0
held_context,развлечения,,ranking,87.0,Дом с чаном в лесу,False,False,False,4.769230769230769,26.0
held_context,вывоз деревьев с грузчиками,Вид услуги Вывоз мусора и вторсырья,ranking,200.0,Вывоз мусора контейнером 8 м3,False,False,False,4.5,8.0
held_context,приемка шин на переработку,,ranking,93.0,Утилизация и вывоз шин,False,False,False,1.0,1.0
held_context,коррекция наращивания ногтей,"Онлайн-запись Тип услуги Маникюр, педикюр Вид услуги Красота, здоровье",ranking,91.0,Маникюр и педикюр быстро и качественно,True,False,False,4.9375,144.0
held_context,скупка домашней мебели,Вид услуги,ranking,92.0,"Деньги за старый хлам, скупаю и вывожу сам",False,False,False,5.0,41.0
held_context,неотрайбл тату,"Тип услуги Тату, пирсинг Вид услуги Красота, здоровье",ranking,581.0,Тату мастер,False,False,False,5.0,1.0
held_context,стрижка котов,Вид услуги Уход за животными,ranking,69.0,Стрижка собак и кошек,False,False,False,5.0,45.0
held_context,выгул собак,Вид услуги Уход за животными,ranking,57.0,Выгул собак в ваше отсутсвие,False,False,False,5.0,3.0
held_context,кабинет косметолога аренда,"Вид услуги Красота, здоровье",ranking,62.0,Аренда кабинета с медицинской лицензией,True,True,False,4.851851851851852,27.0
held_context,ремонт айфона,Тип услуги Мобильные устройства Вид услуги Ремонт и обслуживание техники,ranking,163.0,Замена заднего стекла iPhone,True,False,False,4.8969696969696965,495.0
held_context,афрокосы девочке,"Тип услуги Услуги парикмахера Вид услуги Красота, здоровье",ranking,99.0,"Афрокосы, брейды, сенегалки",True,False,False,5.0,4.0
held_context,ремонт пола спб,Тип услуги Полы и напольные покрытия Вид услуги Ремонт и отделка,ranking,54.0,Замена пола,False,True,False,4.991735537190083,121.0
held_context,фотограф индивидуальный,Вид услуги Фото- и видеосъёмка,ranking,61.0,Фотограф Москва Фотоессия в студии/на улице,True,False,False,5.0,11.0
held_context,ищу парня,,ranking,360.0,Поздравление от Белого Медведя,True,False,False,4.994490358126722,726.0
held_context,снятие блокировки iphone,Тип услуги Мобильные устройства Вид услуги Ремонт и обслуживание техники,ranking,75.0,"Разблокировка телефонов Xiaomi,iPhone, Huawei id",False,False,False,4.969907407407407,432.0
held_context,ремонт ноутбуков удаленно,Тип услуги Компьютеры Вид услуги Компьютерная помощь,ranking,101.0,Компьютерный мастер ремонт компьютеров ноутбуков,False,False,False,4.972602739726027,146.0
held_context,откачка септиков и выгребных ям,"Вид услуги Автосервис, аренда Тип услуги Аренда спецтехники",ranking,109.0,Аренда и обслуживание биотуалетов,False,False,False,5.0,23.0
held_context,перетянуть диван,Тип услуги Сборка и ремонт мебели Вид услуги Ремонт и отделка,ranking,73.0,Ремонт диванов и кроватей на дому,True,False,False,5.0,6.0
held_context,оценка антиквариата,Вид услуги,ranking,103.0,Выкуп вещей СССР из квартир и гаражей,False,False,False,4.921568627450981,102.0
held_context,парикмахер мужской мастер,"Онлайн-запись Тип услуги Услуги парикмахера Вид услуги Красота, здоровье",ranking,152.0,"Барбер,Мужской парикмахер, Парикмахер",False,False,False,4.980392156862745,51.0
held_context,заточка садового инструмента,,ranking,113.0,Домашнее копчение на профессиональном оборудовании,True,False,False,5.0,29.0
held_context,рабочий на участок,Тип услуги Разнорабочие Вид услуги Строительство,ranking,64.0,Услуги разнорабочих,False,False,False,4.904761904761905,21.0
held_context,тренер по кс 2,"Вид услуги Обучение, курсы",ranking,254.0,Тренер по кс2-cs2/ex-120 и 270eu/20+k часов,False,False,False,4.972602739726027,73.0
held_context,мастер по изготовлению мебели,,ranking,110.0,Мебель на заказ под ключ,False,False,False,5.0,84.0
held_context,ремонт аккумуляторов iphone,,ranking,396.0,Убираем полосы Ремонт MacBook Замена матрицы,True,False,False,4.745283018867925,212.0
held_context,вышибала,,retrieval,,"Личная охрана, Решение Любых Вопросов",False,False,False,5.0,6.0
held_context,липосакция,"Вид услуги Красота, здоровье",ranking,83.0,Липоредукция живота,False,False,False,5.0,11.0
held_context,прикурить автомобиль,,ranking,180.0,"Аварийное вскрытие, взлом замков / дверей / авто",False,False,False,5.0,17.0
held_context,пилатес зеленогорск,,ranking,88.0,Тренер по фитнесу и осанке,True,False,False,5.0,7.0
held_context,заказ минивэна,,ranking,675.0,Перевозка и сопровождение пассажиров и грузов,True,False,False,4.890625,64.0
held_context,аренда помещения,,ranking,91.0,Переговорная / кабинет / коворкинг почасово,False,False,False,,
held_context,ателье по ремонту одежды,Вид услуги Бытовые услуги Тип услуги Пошив и ремонт одежды,ranking,56.0,"Ремонт куртки, ремонт пуховика, ремонт пальто",True,False,False,4.714285714285714,14.0
held_context,установка опалубки,Вид услуги Строительство,retrieval,,Фундамент под ключ с гарантией 15 лет,False,False,False,5.0,9.0
held_context,временная прописка,,ranking,55.0,Бесплатная земля от государства,False,False,False,4.826923076923077,104.0
held_context,астрахань рыбалка,"Вид услуги Праздники, мероприятия",ranking,81.0,Рыбалка в Астрахани с проживанием,False,False,False,5.0,7.0
held_context,ремонт брелков starline,,ranking,306.0,Изготовление автоключей с чипом в Железнодорожном,False,False,False,4.9921259842519685,127.0
held_context,курсы,"Вид услуги Обучение, курсы",ranking,204.0,Курсы шитья для начинающих,False,False,False,5.0,13.0
held_context,монтаж поликарбоната,"Вид услуги Сад, благоустройство",ranking,69.0,Трезвый монтажник. Каркас для забора,True,False,False,4.659090909090909,88.0
held_context,строительство домов семейная ипотека,Вид услуги Строительство,retrieval,,Газобетон теплый контур,False,False,False,5.0,26.0
held_context,поездки в казахстан,,ranking,84.0,Банковская карта зарубежного банка,True,False,False,4.9508670520231215,346.0
held_context,услуги экстрасенса,"Кто оказывает услуги Частный исполнитель Вид услуги Обучение, курсы",ranking,105.0,Эзотерик приворот на деньги/на удачу,False,False,False,5.0,18.0
held_context,ремонт google pixel,Тип услуги Мобильные устройства Вид услуги Ремонт и обслуживание техники,ranking,67.0,Ремонт телефонов Сервисный Центр “Reconnect”,True,False,False,4.813953488372093,43.0
held_context,написание статей экономика промышленности,,ranking,140.0,Статьи - ринц - вак- скопус - тексты -написание,False,False,False,5.0,17.0
held_context,пригоню авто,Вид услуги,ranking,92.0,"Пригон Авто из рб, Грузии, Японии, Кореи под ключ",False,False,False,4.944099378881988,161.0
held_context,скупка фотоаппаратов,,ranking,151.0,Выкуп компактных фотоаппаратов / Скупка мыльниц,False,False,False,4.9546925566343045,1236.0
held_context,белый мишка поздравление,"Вид услуги Праздники, мероприятия",ranking,65.0,Белый мишка поздравление Чебурашка Панда Лабубу,False,False,False,5.0,50.0
held_context,а фрейм,"Вид услуги Праздники, мероприятия",retrieval,,Организация отдыха в предгорье с баней и чаном,True,False,False,5.0,67.0
held_context,английский язык репетитор,,ranking,572.0,Репетитор по английскому языку,False,False,False,4.6923076923076925,13.0
held_context,немецкий язык,"Предмет или специальность Немецкий язык Тип услуги Иностранные языки Вид услуги Обучение, курсы",ranking,94.0,Репетитор по немецкому языку,False,False,False,,
held_context,косметолог,"Вид услуги Красота, здоровье",ranking,303.0,Аппаратная косметология холодная плазма,False,False,False,5.0,13.0
held_context,инженер проектировщик,Вид услуги Строительство,ranking,404.0,Проектирование Фундаментов и Домов - Архитектор,False,False,False,5.0,93.0
held_context,отдых для двоих,,ranking,122.0,Организация мероприятий,True,False,False,5.0,65.0
held_context,ассенизатор,"Вид услуги Автосервис, аренда Тип услуги Аренда спецтехники",ranking,108.0,Ассенизатор. Откачка ям и септиков,False,False,False,5.0,73.0
held_context,ламинирование бровей,"Вид услуги Красота, здоровье",ranking,102.0,Ламинирование ресниц,False,False,False,5.0,19.0
held_context,организатор свадьбы,"Вид услуги Праздники, мероприятия",ranking,142.0,Свадебный организатор / координатор,False,False,False,5.0,16.0
held_context,доставка дивана,Вид услуги Грузоперевозки,ranking,55.0,Грузоперевозки частник до 3.5 тонн верхняя погрузк,True,False,False,5.0,144.0
held_context,сборка шкафа купе,Тип услуги Сборка и ремонт мебели Вид услуги Ремонт и отделка,ranking,58.0,Сборка И ремонт мебели,False,False,False,4.8,5.0
held_context,репетитор по английскому языку станкевич,"Тип услуги Иностранные языки Вид услуги Обучение, курсы",ranking,337.0,"Репетитор англ, испанский, португальский, немецкий",True,False,False,5.0,12.0
held_context,настилка крыш,Кто оказывает услуги Компания Кто оказывает услуги Частный исполнитель,ranking,100.0,Внутренняя отделка,True,False,False,5.0,8.0
held_context,почасовая аренда,"Вид услуги Обучение, курсы",ranking,52.0,Аренда танцевального зала,True,False,False,5.0,2.0
held_context,дипломная работа оформление,"Вид услуги Обучение, курсы",ranking,206.0,"Дипломная, курсовая, ВКР, магистерская диссертация",False,False,False,5.0,10.0
held_context,лофт для свадьбы,"Вид услуги Праздники, мероприятия",ranking,78.0,Два стильных зала для свадьбы. Все включено,False,False,False,4.926829268292683,41.0
held_context,выврз мусора,Вид услуги Вывоз мусора и вторсырья,ranking,75.0,Вывоз мусора Газель/Зил/Камаз,False,False,False,4.983870967741935,62.0
held_context,экскурсии,,ranking,615.0,"Сдаём домики в п.Вышка (рядом Жемчуг, Аршан)",False,False,False,5.0,15.0
held_context,реставратор паркета,Вид услуги Ремонт и отделка,ranking,58.0,Реставрация на месте,True,False,False,4.994186046511628,172.0
held_context,изготовление визиток,Вид услуги Деловые услуги Тип услуги,ranking,173.0,Изготовление 3D стикеров / Наклейки из смолы опт,True,False,False,,
held_context,юрист раздел имущества,Вид услуги Деловые услуги Тип услуги Юридические услуги,ranking,51.0,Юрист/ Подготовка документов/ Участие в судах,False,False,False,5.0,83.0
held_context,стрижка собак дзержинский,Вид услуги Уход за животными,ranking,54.0,Стрижка кошек. Вычес кошек и собак. Люберцы,False,False,False,4.9714285714285715,105.0
held_context,токарные работы чпу,"Вид услуги Оборудование, производство",ranking,56.0,Токарные работы. Металлообработка,False,False,False,5.0,2.0
held_context,саларьево,"Тип услуги Макияж Вид услуги Красота, здоровье",retrieval,,"Макияж, причёски, укладки на свадьбу, фотоссесию",True,False,False,4.957446808510638,47.0
held_context,клоун на праздник,,ranking,114.0,Спектакль на ваше мероприятие,True,False,False,4.942446043165468,139.0
held_context,замена накладки входной двери,Тип услуги Двери Вид услуги Ремонт и отделка,ranking,62.0,Шумоизоляция входной двери,True,False,False,4.982142857142857,56.0
held_context,установка ос удаленно,Услуга Установка программы Тип услуги Компьютеры Вид услуги Компьютерная помощь,ranking,99.0,Установка операционной системы,False,False,False,5.0,8.0
held_context,3д печать шильдиков,,ranking,971.0,Печать изделий на 3D-принтере,False,False,False,5.0,6.0
held_context,сборка мебели ремонт,Вид услуги Ремонт и отделка,ranking,171.0,Сборщик мебели,False,False,False,5.0,45.0
held_context,моментальный загар обучение,"Вид услуги Обучение, курсы",ranking,103.0,"Абонемент на месяц: фитнес, пилатес, растяжка",True,False,False,5.0,7.0
held_context,культиватор аренда,,ranking,58.0,Аренда и прокат строительного инструмента,False,False,False,4.054054054054054,185.0
held_context,айклауд создать,Тип услуги Мобильные устройства Вид услуги Ремонт и обслуживание техники,retrieval,,"Разблокировка телефонов Xiaomi,iPhone, Huawei id",False,False,False,4.969907407407407,432.0
held_context,написание индивидуального проекта для колледжа,"Вид услуги Обучение, курсы",ranking,91.0,Школьные проекты,False,False,False,5.0,36.0
held_context,лофт для мероприятий,,ranking,196.0,Аренда зала для: йога мастер класс тренинг семинар,True,False,False,4.555555555555555,18.0
held_context,ремонт мебели рестоврация,Вид услуги Ремонт и отделка,ranking,214.0,Реставрация паркета и напольных покрытий,True,False,False,5.0,30.0
held_context,замена тачскрина,,ranking,88.0,"Ремонт телефонов, планшетов, электронных книг",True,False,False,4.640449438202247,89.0
held_context,лофт,"Вид услуги Праздники, мероприятия",ranking,52.0,Аренда купола с панорамным видом,True,False,False,4.925925925925926,27.0
held_context,установка акриловый вкладыша в ванну,Вид услуги Ремонт и отделка,ranking,59.0,Реставрация ванн без посредников,True,False,False,4.988235294117647,170.0
held_context,торт 3 шоколада,,ranking,77.0,Торт Медовик на заказ,True,False,False,4.960591133004926,203.0
held_context,аренда помещения на праздник,,ranking,113.0,Пространство для мероприятий и праздников,True,False,False,,
held_context,мастер по ремонту ванной комнаты,Вид услуги Ремонт и отделка,ranking,290.0,Ремонт ванной комнаты пвх панелями,False,False,False,5.0,3.0
held_context,дым на свадьбу,"Вид услуги Праздники, мероприятия",ranking,217.0,Дневной салют на Свадьбу и Гендер Пати +запуск,False,False,False,,0.0
held_context,стены,,ranking,326.0,Штукатурка ручная стен и потолков по маякам,False,True,False,4.2727272727272725,11.0
held_context,бассейны/баня,Срочная услуга (мультистатус) Сейчас Срочная услуга (мультистатус) Сегодня Срочная услуга (мультистатус) Завтра,ranking,251.0,"Финская сауна, караоке, лофт",True,False,False,5.0,21.0
held_context,пошив мягких игрушек на заказ,,ranking,72.0,Индивидуальный пошив мягких игрушек на заказ,False,False,False,5.0,34.0
held_context,установка люстр,Тип услуги Участие в пилоте CPL Вид услуги Ремонт и отделка,ranking,137.0,Услуги мастер на час,False,False,False,5.0,39.0
held_context,вывоз мусора 15 кубов,Вид услуги Вывоз мусора и вторсырья,ranking,53.0,Вывоз строительного мусора камаз самосвал,True,False,False,5.0,2.0
held_context,контейнер для мусора 8 м3 аренда,Вид услуги Вывоз мусора и вторсырья,ranking,97.0,Вывоз мусора в Железнодорожном,False,False,False,4.870967741935484,62.0
held_context,покраска решеток на окнах,,retrieval,,Изготовление металических изделий на заказ,True,False,False,5.0,60.0
held_context,психолог бесплатно,,ranking,64.0,Тренер - психолог по кс 2,True,False,False,4.416666666666667,12.0
held_context,массаж в спб расслабляющий с релаксам,,ranking,82.0,Массаж в Балтийской Жемчужине,True,False,False,5.0,3.0
held_context,монтаж систем водоснабжения в квартире,,ranking,445.0,Слесарь сантехник,True,False,False,4.961904761904762,105.0
held_context,ремонт ресиверов denon,,ranking,79.0,Ремонт ламповых усилителей,False,False,False,5.0,48.0
held_context,массаж на дому для мужшин,,ranking,185.0,Массаж,True,False,False,3.6666666666666665,3.0
held_context,окрашивание волос модель рыжый,"Тип услуги Услуги парикмахера Вид услуги Красота, здоровье",ranking,162.0,Окрашивание волос блонд/цвет исправление Мурино,False,False,False,4.927272727272728,110.0
held_context,аренда террасы,"Вид услуги Праздники, мероприятия",ranking,292.0,Площадка для мероприятий,True,False,False,5.0,15.0
held_context,записаться на ресницы,"Тип услуги Ресницы, брови Вид услуги Красота, здоровье",ranking,66.0,Наращивание ресниц 80 мин LED наращивание,True,False,False,4.904761904761905,42.0
held_context,реставрация мрамора,,ranking,56.0,"Полировка мрамора, шлифовка гранита, шлифовка пола",False,False,False,5.0,3.0
held_context,сантехнические перегородки,Вид услуги Ремонт и отделка,retrieval,,Механизированная штукатурка,False,False,False,4.956989247311828,93.0
held_context,монолитчики,Вид услуги Строительство,ranking,61.0,Разнорабочие Подсобники Уборка территории,False,False,False,4.988505747126437,174.0
held_context,ассенизация,,ranking,52.0,"Откачка выгребных септиков,канализаций",False,False,False,4.947368421052632,76.0
held_context,детали машин,"Кто оказывает услуги Частный исполнитель Вид услуги Обучение, курсы",retrieval,,Помощь студентам,False,False,False,5.0,55.0
held_context,аренда porsche,"Аренда авто Авто для личного использования Вид услуги Автосервис, аренда Тип услуги Аренда авто",ranking,77.0,Аренда lamborghini huracan,False,False,False,5.0,64.0
held_context,компьютерные мастера,Вид услуги Компьютерная помощь,ranking,371.0,Ремонт компьютеров и ноутбуков компьютерный мастер,False,True,False,4.84,25.0
held_context,рабочие по ремонту квартир,,ranking,552.0,Ремонт квартир под ключ за 45 дней,False,False,False,4.776119402985074,67.0
held_context,установить карниз для штор,,ranking,77.0,"Мастер на час. Митино, Тушино",False,False,False,5.0,13.0
held_context,место для свадьбы,,ranking,53.0,Авто на свадьбу/трансфер/вип такси/сопровождение,True,False,False,4.9298245614035086,57.0
held_context,массаж мужчинам,,ranking,58.0,"Массаж "" мужское здоровье """,False,False,False,,
held_context,визитки по установке кондиционера,Вид услуги,ranking,90.0,Визитки/листовки/баннеры,True,False,False,4.921568627450981,51.0
held_context,эротичиский массаж,,ranking,74.0,Тантрический массаж,True,False,False,,
held_context,передежка кошек,Вид услуги Уход за животными,ranking,153.0,"Передержка кошек, собак и т. д. Зоогостиница",False,False,False,4.963636363636364,110.0
held_context,наращивание ресниц за час,"Онлайн-запись Тип услуги Ресницы, брови Вид услуги Красота, здоровье",ranking,76.0,Наращивание ресниц/LED-наращивание ресниц,False,True,False,4.773109243697479,119.0
held_context,уход для волос,"Тип услуги Услуги парикмахера Вид услуги Красота, здоровье",ranking,51.0,Ботокс / кератин / полировка / окрашивания,True,False,False,5.0,27.0
held_context,ремонт apple,Тип услуги Мобильные устройства Вид услуги Ремонт и обслуживание техники,ranking,163.0,Замена заднего стекла iPhone 16/15/14pro max/13/12,True,False,False,4.947826086956522,230.0
held_context,объемные наклейки,Вид услуги,ranking,487.0,Изготовление 3 D стикеров / Стикерпаков на заказ,False,False,False,4.854838709677419,62.0
held_context,чистка компьютеров,Вид услуги Ремонт и обслуживание техники,retrieval,,"Ремонт аудиотехники, усилителей, ресиверов Выезд",False,False,False,5.0,5.0
held_context,ул российская,"Тип услуги Грузчики Вид услуги Грузчики, складские услуги",retrieval,,Грузчики Грузоперевозки,True,False,False,4.98005698005698,351.0
held_context,гараж сборный из сип панели,Вид услуги Строительство,retrieval,,Дом Афрейм каркасный домокомплект шалаш дача,False,False,False,4.642857142857143,14.0
held_context,модель на брови,"Онлайн-запись Тип услуги Ресницы, брови Вид услуги Красота, здоровье",ranking,51.0,"Брови/коррекция/окрашивание,ламинирование",True,True,False,5.0,23.0
held_context,йога,,ranking,120.0,Персональные тренировки на результат,False,False,False,5.0,4.0
held_context,резьба по дереву,,retrieval,,"Ремонт фотоаппаратов, фотовспышек, проекторов",False,False,False,5.0,9.0
