cold_fraction,version,matched_recall50,unseen_macro,held_macro,pool_unseen,pool_held
0.0,v9,0.9535754250864037,0.9488970588235294,0.9508088235294118,0.995,0.995
0.0,v10,0.9539796323027865,0.9489705882352941,0.9489705882352941,0.995,0.995
0.0,warm_mixed,0.9548433388867338,0.9509558823529412,0.9511029411764705,0.995,0.995
0.0,warm_deeper,0.9562122304664422,0.9521323529411765,0.9527205882352942,0.995,0.995
0.5,v9,0.9540561675449808,0.9491911764705883,0.9508088235294118,0.995,0.995
0.5,v10,0.9549158276654446,0.9504411764705882,0.9506617647058824,0.995,0.995
0.5,warm_mixed,0.9546553912662791,0.9503676470588235,0.9499264705882353,0.995,0.995
0.5,warm_deeper,0.9556529625756817,0.9518382352941176,0.95125,0.995,0.995
0.9,v9,0.9540428139856305,0.9490441176470589,0.9508088235294118,0.995,0.995
0.9,v10,0.9563726551677694,0.9521323529411765,0.9524264705882353,0.995,0.995
0.9,warm_mixed,0.95420996281288,0.9503676470588235,0.9493382352941176,0.995,0.995
0.9,warm_deeper,0.9550936067434792,0.95125,0.9506617647058824,0.995,0.995
1.0,v9,0.9539799210996572,0.9490441176470589,0.9508088235294118,0.995,0.995
1.0,v10,0.9572795378749315,0.9527205882352942,0.9533088235294118,0.995,0.995
1.0,warm_mixed,0.9541492097774696,0.9503676470588235,0.9493382352941176,0.995,0.995
1.0,warm_deeper,0.955032853708069,0.95125,0.9506617647058824,0.995,0.995
