query,item_id,rank,same_location,query_location,item_location,location_center_missing,filter_present,geo_compatibility,micro_compatibility
поиск по архивам,5b79e0cc5730bcaa,2,False,625330,653240,True,True,0.0,0.7246102690696716
дом отдыха с бассейном снять,bee50b04fcd49510,1,True,639180,639180,False,False,1.0,1.0
ремонт вывесок,113d3e160b14c8fd,6,True,650400,650400,False,False,1.0,1.0
куплю пустые баллоны из под фреона,2cdc8a08cd582848,1,True,641780,641780,False,True,1.0,1.0
мастер класс по рисованию,4cd53d7d9f8921e1,25,True,637640,637640,False,True,1.0,1.0
замена тачскрина,b7d83f1731b78fec,43,True,641780,641780,False,False,1.0,0.10641214996576309
анодирование,1b9ca8da2d31fac7,2,False,107620,637640,True,False,1.0,1.0
восстановление аккумуляторов,c062a79e411b30d4,3,True,633540,633540,False,True,1.0,1.0
восстановление информации с жесткого диска,f317c2a2313c971d,1,True,653040,653040,False,True,1.0,1.0
чистка стирка ковров с вывозом,bf049c99b6641d20,1,True,635320,635320,False,False,1.0,1.0
пескоструйная обработка кирпича,c78d6963fab7c6b8,12,True,637640,637640,False,False,1.0,0.0
лофт,212f0428d1a46b8b,24,True,653240,653240,False,True,1.0,0.431887686252594
лофт,4bc511811bd93712,1,True,653240,653240,False,True,1.0,1.0
лофт,569983fc09604de2,7,True,653240,653240,False,True,1.0,0.431887686252594
лофт,ecc1007b754b99df,64,True,653240,653240,False,True,1.0,0.431887686252594
установка акриловый вкладыша в ванну,01e55e1aa1c2398d,68,True,637640,637640,False,True,1.0,1.0
такси по городу,fce861e8993e6e29,2,True,650670,650670,False,True,1.0,0.417264461517334
проколы под дорогой,9e111afea5ae08a8,1,True,662810,662810,False,False,1.0,1.0
изготовление памятников,f18b56fd0361a9a3,2,True,641780,641780,False,False,1.0,0.04051065817475319
обслуживание бассейна,2420c75111b36090,1,True,634450,634450,False,False,1.0,1.0
остекление балкона,1528b1d5a16cc912,59,False,107620,638790,True,False,0.21134668588638306,1.0
свет на свадьбу,29a1d530b371cbcd,1,True,649210,649210,False,True,1.0,0.4800657331943512
баня с бассейном и мангалом,de43f659d8e88a49,3,True,621565,621565,False,False,1.0,0.8108181953430176
баня с бассейном и мангалом,edda68f4d04f97a5,10,True,621565,621565,False,False,1.0,0.8108181953430176
сплав на байдарках,12caeab942cec6e5,1,False,107621,653240,True,False,1.0,0.0
установка зеркал,ac35e04086c739cc,2,True,646600,646600,False,True,1.0,1.0
резка плитки,db906390ddff1150,1,True,655720,655720,False,False,1.0,0.4749597907066345
ремонт крыши балкона,bdbe3612926ada65,4,True,653240,653240,False,True,1.0,0.8660821318626404
экскурсия по владивостоку с авто,5d1dfb2269547a34,1,True,644560,644560,False,True,1.0,0.32307812571525574
торт 3 шоколада,2832549a3c96aa3e,63,True,633540,633540,False,False,1.0,0.5842540860176086
пригоню авто из белоруссия,23b704ee81c79c8b,10,False,621540,637640,True,False,1.0,1.0
пайка трубы пнд,ae94ca9b700f9ce0,1,True,656901,656901,False,True,1.0,1.0
водопровод из колодца,2e045409c49adcdc,2,True,638640,638640,False,False,1.0,0.2959864139556885
литье из алюминия,cd6f6ca1a78704e8,1,True,633540,633540,False,False,1.0,0.3679420053958893
подравнивание кончиков,0cdaef3bd5003433,10,True,624360,624360,False,True,1.0,1.0
ремонт газового бойлера,dacba8778930a9b8,5,True,633540,633540,False,False,1.0,1.0
вакцинация собак,99767eaf4cfdff23,23,True,653240,653240,False,False,1.0,1.0
отзывы яндекс,13b50d65379c1dca,8,True,637640,637640,False,False,1.0,0.8483298420906067
ремонт нивелиров,1cb87de3e9d45d09,1,True,642790,642790,False,True,1.0,0.7304667234420776
тонар,b304fd3e598af14c,1,True,660930,660930,False,False,1.0,1.0
проектирование апс соуэ,76e174187242e10b,19,False,662150,637640,False,False,1.6987867468287732e-07,0.0725894421339035
отправка посылок из калининграда,bee1ab3becb3ceba,1,True,630090,630090,False,False,1.0,0.6212697625160217
проем в стене,e703d4366086f8eb,1,True,653241,653241,False,True,1.0,1.0
аренда помещения на праздник,7d3fbede1a9fce41,123,True,640860,640860,False,False,1.0,0.05956800654530525
мастер по ремонту ванной комнаты,ad098ba91dbe2ead,188,False,654070,650510,False,True,1.551727223159105e-06,0.1542217880487442
пленка на крышу,cc1cb65ae9839aca,3,True,653240,653240,False,True,1.0,1.0
вынести диван,655f0f85df7d79cc,30,False,107621,653240,True,False,1.0,1.0
чистка крыш,11202e793f9127a7,1,True,659300,659300,False,False,1.0,1.0
авто под выкуп от частных  лиц,58d1ea0c1c1995f8,1,False,630490,630530,False,True,0.4874989688396454,1.0
полировка стекол автомобиля,57c29e993da5722a,1,False,643250,643560,True,True,1.0,1.0
ремонт бамперов,a03c449c297e820c,1,False,662150,662210,False,True,0.5570452809333801,1.0
занятия с кинологом,11bf21deac34183e,12,True,653040,653040,False,True,1.0,1.0
замена дверного замка,c09044d63d4cb0b5,1,True,637640,637640,False,True,1.0,1.0
прошивка эбу ваз,2dae379835a5a747,1,True,659880,659880,False,True,1.0,1.0
перевозки на дачу,c681364ea3eb46d5,34,True,653240,653240,False,False,1.0,1.0
авитолог,8c47483bf6294733,3,True,633540,633540,False,True,1.0,1.0
проектирование частных домов,68d4e62b9685114e,3,True,633540,633540,False,False,1.0,1.0
выкуп авто жигули,91ba68d11889f08a,7,True,637640,637640,False,False,1.0,0.3645363450050354
няня с авто,8e52c115aba1ccc8,3,True,652430,652430,False,True,1.0,1.0
дым на свадьбу,8c2365ccc6240c4e,181,False,621540,659020,True,True,0.18563607335090637,0.5718251466751099
продажа и установка кондиционеров,e24f5eb9af6b1a03,10,True,637640,637640,False,True,1.0,1.0
услуги парикмахера стрижка,54a35a1f632c1d5c,21,True,661100,661100,False,True,1.0,1.0
сайт,937516607de16cca,7,True,637640,637640,False,True,1.0,1.0
прием картона,ec53e1ba2da093c6,105,False,107620,637770,True,True,0.19953010976314545,1.0
ботокс лица,6c3652387af5b05c,1,True,621585,621585,False,False,1.0,1.0
ремонт гаражных ворот,9807e36587009ae1,1,True,634030,634030,False,False,1.0,0.0007079931674525142
ремонт пластиковых окон кудепста,67c9ffee9686292b,2,True,634450,634450,False,True,1.0,1.0
копка огорода мотоблоком,0e6e643c0be6b6ef,1,True,640370,640370,False,True,1.0,1.0
триколор,91b75ae67610fa32,2,True,653391,653391,False,True,1.0,1.0
тонировка люберцы,492ce0d1e3907e6c,2,False,638790,637640,False,True,0.6023498773574829,0.6876361966133118
аренда авто выкуп,991624867470bf40,3,True,641780,641780,False,True,1.0,1.0
визитки на заказ типография,3f88bf0e587af7c1,1,False,630270,630410,True,False,1.0,1.0
лечебный массаж спины,c79443e393376a00,2,True,638120,638120,False,False,1.0,1.0
изготовление рвд,5ed17bc9c21552b5,1,True,625810,625810,False,False,1.0,1.0
ремонт цветочных холодильников,355fbb07abeb2e61,61,False,107620,637640,True,False,1.0,1.0
мастер по ремонту велосипедов,f15d189d5c2271d1,1,True,631270,631270,False,False,1.0,0.3148721754550934
детский логопед,618cf12ddfb25476,17,True,630090,630090,False,True,1.0,1.0
реболл видеокарт,7042a41b78a1286d,16,True,633540,633540,False,False,1.0,0.8751738667488098
хамам с бассейном,90f2975455eaf4ec,1,True,633080,633080,False,False,1.0,0.975262463092804
домик в лесу с чаном и баней,9b7f752b5dc32f64,5,False,621540,637640,True,True,1.0,1.0
отделка стен гипсокартоном,390444d6a41b6f50,4,True,635320,635320,False,False,1.0,1.0
прокол под дорогой,b2d89addccc4a9c8,1,True,661340,661340,False,False,1.0,0.1857794225215912
активация скрытых функций и кодирование ford,97b525d334e361ef,1,True,624840,624840,False,True,1.0,1.0
прокат карнавальных костюмов для взрослых,afe0a5d908e3b81b,1,True,642320,642320,False,True,1.0,1.0
ремонт подвески,57f3ca2e13b6b1ce,20,False,107620,637640,True,True,1.0,1.0
обслуживание пожарной сигнализации,051d30ee5e72af53,1,True,660250,660250,False,False,1.0,1.0
юрист по административным делам,38bb7c34c3357f70,11,True,637640,637640,False,True,1.0,1.0
стены,117094617982fb48,234,False,621540,637640,True,False,1.0,0.41808760166168213
тонировка окон дома,50b1a3ac66e2e6b8,2,False,638700,637640,False,True,0.4595808982849121,1.0
выкорчевать пень,fe8d89e5a90899ae,9,False,630270,630410,True,True,1.0,1.0
бассейны/баня,df6fc5af597ec907,346,True,633540,633540,False,True,1.0,0.004899471532553434
тренер по легкой атлетике,7351330f05ddc689,1,True,633540,633540,False,True,1.0,1.0
канализация под ключ,c1c00aefe656f3b5,1,True,653391,653391,False,True,1.0,0.8258569240570068
раздача флаеров,8d4307b5a34ba2b0,17,False,107620,638720,True,False,0.025443151593208313,1.0
ремонт электроники пайка,df26224dacc82781,1,True,650400,650400,False,True,1.0,1.0
окрашивание  яркие цвета,4fb228790f9a665c,2,True,637640,637640,False,True,1.0,1.0
ремонт дивана,fac381b3058c5594,14,True,637640,637640,False,True,1.0,1.0
аренда ноутбука,5bc0a6ea864678ba,1,True,640860,640860,False,True,1.0,0.006122366990894079
ремонт и установка водонагревателей,e1935e28a05c2690,7,True,652430,652430,False,False,1.0,0.5816593766212463
укладка брусчатки,a0ffa28ee53982dc,1,True,635320,635320,False,True,1.0,1.0
аренда садового катка,1c4fb1e6888c221e,7,False,658150,658080,False,True,0.3798202574253082,0.0
трихолог,c5ac09e1f295b58e,1,True,657600,657600,False,True,1.0,0.5492213368415833
илосос,8e3a1127fe76cbdb,0,True,630410,630410,False,True,,
аниматоры синий трактор,677293f6ae92ee46,1,True,621585,621585,False,True,1.0,1.0
вывоз веток,d31256bee3e76b68,1,True,653040,653040,False,False,1.0,1.0
замена стекла samsung,19ba1d6ca614cc8e,2,True,661420,661420,False,False,1.0,1.0
выкуп скутеров,a8fed31ae3d29296,1,True,655910,655910,False,False,1.0,1.0
комплекс маникюр и педикюр,ab5a2716ed90e25d,1,True,654070,654070,False,True,1.0,1.0
установка молдингов химки,f554d5dd8544701d,5,True,637640,637640,False,True,1.0,1.0
душевые,9d5e0b874bdd5fc3,5,True,630090,630090,False,True,1.0,1.0
установка забора,2b54e89c8e4f5bc7,6,True,631140,631140,False,False,1.0,0.0
столярные услуги,db80e7d80d71b581,62,True,661950,661950,False,False,1.0,0.013151745311915874
перевозка людей на микроавтобусе,1555ad978e7bd6e2,14,True,622830,622830,False,True,1.0,1.0
детские танцы,44fdab548631a148,1,True,624840,624840,False,True,1.0,1.0
нанесение жидких обоев,2cdfc85769a23015,3,True,653240,653240,False,True,1.0,1.0
пошив мягких игрушек на заказ,01fdb09a4225e612,55,False,654070,652430,False,False,0.018049541860818863,1.0
фотосессия женский портрет,cff075ddb5ecea8b,2,True,637640,637640,False,True,1.0,1.0
выездной шиномонтаж,757d541be24ae423,1,True,652100,652100,False,False,1.0,1.0
швейная фабрика,ad792b9e14ed36b5,4,True,621565,621565,False,False,1.0,0.16910764575004578
трансфер сочи гудаута,ca215df67dee31a3,12,True,634450,634450,False,True,1.0,1.0
водитель погрузчика аксай обучение,81264fa89a71cdb5,1,True,652000,652000,False,True,1.0,0.6499198079109192
разблокировать iphone от айклауда,5376d9130e6fc98b,6,False,632660,634030,True,True,0.23951275646686554,1.0
подкат,dbea5bc8086c67d4,6,True,631870,631870,False,False,1.0,0.07814443856477737
фотограф и видеограф,7c534295a66a795d,1,True,646600,646600,False,True,1.0,1.0
настройка vps под ключ,549ce9e5ccc93822,1,False,107621,653240,True,True,1.0,0.6967018246650696
доставка пгс песок,f1ff9746a9efa886,1,True,621670,621670,False,True,1.0,1.0
аренда лофта для вечеринки,2f3879444c5d3636,7,True,662210,662210,False,True,1.0,0.6060582995414734
ломовоз услуи,6042dddcf50d14eb,5,True,653040,653040,False,False,1.0,0.005990227218717337
печать полиграфия,65f25464d13d9281,3,True,630090,630090,False,True,1.0,1.0
чистка консолей,58fc54dc956b068f,1,True,651840,651840,False,True,1.0,1.0
наращивание ногтей северный,669050fd8442e719,4,True,652000,652000,False,True,1.0,1.0
монтаж пленки на окна,8c538a6991d71f93,2,False,107620,637640,True,False,1.0,0.28465166687965393
установка люстр,ffda0b9173993997,129,False,653240,806500,False,True,0.22979429364204407,0.5961704850196838
ишу работу уборка каждый день,a3dc049b86af6089,29,True,637640,637640,False,True,1.0,1.0
маркировка честный знак,a891a7645becbbe5,10,False,107620,637640,True,False,1.0,1.0
детское такси,11410df0946c7a95,8,True,624360,624360,False,False,1.0,0.2286205291748047
печать на флагах,d24a9d4462724f42,1,True,637640,637640,False,True,1.0,1.0
шоу на праздник,9d7f8527bb5e7bd4,14,True,659020,659020,False,False,1.0,1.0
сургут ногти,7301e637b5d30ec2,5,True,660630,660630,False,True,1.0,1.0
разнорабочий голицыно,196e407f12afaf02,14,True,637640,637640,False,False,1.0,1.0
ремонт домофона видеодомофона,0f79695e8c342b3a,7,False,107620,637640,True,False,1.0,1.0
настройка карбюратора с выездом,5b0c03c86ba4cf95,1,True,644200,644200,False,False,1.0,1.0
вывоз мусора 15 кубов,31560c02b509b490,43,True,653040,653040,False,True,1.0,1.0
установить кондиционер,c378da6af44c0364,4,True,656350,656350,False,True,1.0,1.0
эконометрика,b165117d56d83cf0,2,True,653240,653240,False,True,1.0,1.0
гнб,f54f28a9a5bb837b,1,False,643700,644200,True,False,1.0,0.8446632623672485
контейнер для мусора 8 м3 аренда,99c83923720bda52,43,False,637680,637770,True,True,0.9856107831001282,1.0
разуклонка участка,67351f41dfaed361,3,True,656901,656901,False,False,1.0,0.3067983090877533
винтовые сваи под ключ,162f2c3652b26c93,3,True,661420,661420,False,True,1.0,1.0
монтаж трубостойки,ede2de53b56e34a4,2,True,638150,638150,False,False,1.0,0.0
домашняя еда на заказ,7498b78b99da0299,9,True,637640,637640,False,True,1.0,1.0
аренда бензогенератора,bae5bf5e5d4a12ca,35,True,648220,648220,False,True,1.0,1.0
регистрация честный знак,a891a7645becbbe5,2,False,621540,637640,True,False,1.0,1.0
трехгорка,d0d08bab546f79cc,15,False,107620,639040,True,True,0.17162343859672546,0.0
слесарь сантехник прочистка канализации,9ee65463dd3ac527,1,True,631270,631270,False,True,1.0,1.0
покраска решеток на окнах,49bbdb73cc89f148,0,True,637640,637640,False,False,,
сантехник люберцы,65c4b9675dcd75a3,1,False,107620,637640,True,True,1.0,1.0
банный чан,fba2ba03b9a20da8,2,False,636370,637225,True,True,0.3162277638912201,0.6795704960823059
бетононасос,d97fef55543debea,1,False,625670,625810,True,False,1.0,1.0
замена смесителя,71096bd5134056a6,9,True,662810,662810,False,True,1.0,0.15761558711528778
наращивание биопротеин,2309bf49b305b4f0,2,False,652410,652430,False,True,0.7319250702857971,1.0
липолитики лицо,21e7c80c355afc79,2,True,653265,653265,False,True,1.0,1.0
роль ставни ремонт,fc1dd2ae016a6c75,102,True,636160,636160,False,False,1.0,0.0
ремонт мягкой кровли гаража,8b3e170b73827c8a,14,True,660250,660250,False,False,1.0,1.0
трендовое наращивание ресниц,0f494f0de26db80a,1,True,638910,638910,False,False,1.0,1.0
психолог бесплатно,cd71360729e62a71,71,True,637640,637640,False,False,1.0,0.0
коворкинг для визажиста,7f3714a1e1d3a76f,24,True,637640,637640,False,True,1.0,1.0
полуфабрикаты,beb73b44c50b03c6,2,True,652000,652000,False,True,1.0,0.0
септик из бетонных колец,974d2447f3983a1d,1,True,628970,628970,False,True,1.0,1.0
картина на холсте,374562c51389d318,1,True,649870,649870,False,True,1.0,1.0
симферополь-краснодар,16cd9c9489cbe7ea,1,True,621565,621565,False,True,1.0,0.7765145301818848
ремонт механизма дивана,883d18114db4742a,7,True,637640,637640,False,True,1.0,1.0
газель пассажирская,6d5eb66eb6127eac,1,True,647420,647420,False,True,1.0,1.0
байер zara,122010a54f9757f1,10,False,623130,637640,False,True,0.023890923708677292,0.07076231390237808
очистка вентиляции,f81f94094ef7308c,2,True,637640,637640,False,False,1.0,1.0
обшивка вагонкой,74119d668400794d,5,True,650510,650510,False,False,1.0,0.0
массаж в спб расслабляющий с релаксам,c07b05df1e68f948,111,True,653240,653240,False,False,1.0,1.0
поклейка и покраска обоев,fce1ed050d490bba,18,True,637640,637640,False,True,1.0,1.0
аренда бобкета,9b27c23abcdb09aa,1,True,653241,653241,False,False,1.0,1.0
автомастерская,08a1914fad029a33,2,True,621552,621552,False,True,1.0,1.0
аренда туры 15 метров,daf233fb132f769d,1,False,107620,637640,True,True,1.0,1.0
снять авто с учета,a6a1946250317cac,2,True,635320,635320,False,False,1.0,1.0
разрешение перевозчика такси,91087ee7d93658b1,1,True,644200,644200,False,False,1.0,1.0
пылесос для химчистки,39ef9c29038671ae,3,True,646600,646600,False,True,1.0,0.2041223794221878
копка сливных ям,7e155aee09801f96,25,True,625810,625810,False,False,1.0,0.05707336217164993
частный займ,0d752009e8edf98c,42,False,621540,634450,True,True,0.17683309316635132,1.0
монтаж систем водоснабжения в квартире,faab2cec3f8bff53,348,True,637640,637640,False,False,1.0,1.0
управляющий арбитражный,75fa4324b01f156d,1,True,637640,637640,False,False,1.0,1.0
ремонт телефонов iphone невидит симкарту упал и не включается,04e7eeede0bdf71a,11,True,624360,624360,False,False,1.0,1.0
перенос откатных ворот,f7c63c6719fd3ac7,1,True,658080,658080,False,False,1.0,1.0
ремонт скутеров с выездом,617d5beeeb2b8cb0,7,True,633540,633540,False,False,1.0,1.0
реставрация фотографий,03e50b784766f1cb,1,True,650210,650210,False,True,1.0,1.0
фрезеровка бетона,17d5c8ae52fe36bb,1,True,653240,653240,False,False,1.0,0.12772013247013092
ремонт ресиверов denon,cec037799d549a31,108,False,107620,637640,True,False,1.0,1.0
массаж на дому для мужшин,1d39ded4ef21d612,160,True,637640,637640,False,False,1.0,1.0
отделка балконов лоджий,e741127899a37273,1,True,650510,650510,False,False,1.0,1.0
восстановление данных,c1e808b0cc960725,3,True,637640,637640,False,False,1.0,0.31305596232414246
юрист по разводу,580fef7592fb72ee,3,True,653240,653240,False,False,1.0,1.0
постановка на учет квадроцикла,23934e64b8890e94,3,True,653240,653240,False,False,1.0,1.0
услуги разнорабочих,01f14170b1852fc9,6,True,657600,657600,False,False,1.0,1.0
демонтировать ламинат,12eb0ed97b05715e,1,True,638920,638920,False,True,1.0,1.0
мастер по увеличению губ,fdcd699ce98f3d87,14,True,656830,656830,False,True,1.0,1.0
английский для репетиторов,043988ef1343f626,15,True,637640,637640,False,False,1.0,1.0
внесение изменений в конструкцию автомобиля,88540531487463b6,5,True,637640,637640,False,False,1.0,1.0
монтаж скрытого плинтуса,5a9c69c694601350,3,True,637640,637640,False,False,1.0,1.0
ремонт перемотка динамиков,d9e8fcc2c7c82c16,6,False,621540,653240,True,False,0.6285080313682556,1.0
швея портной,b5eba0e55d8accbf,1,True,661420,661420,False,True,1.0,1.0
вспашка культивация,fff0c0210482f817,1,True,645780,645780,False,True,1.0,1.0
установка музыки в автомобили,8f10c9a3bbf86cb5,1,True,650400,650400,False,True,1.0,1.0
домофон мастер,58300ca933f040f5,1,True,652000,652000,False,False,1.0,1.0
репетитор математики,d7fac9abb2e67ffd,38,True,637640,637640,False,False,1.0,1.0
вставить дверь,67f2be1f437466cb,1,True,625390,625390,False,True,1.0,1.0
аренда фрезера по дереву,208057f25a3ccacc,2,True,648760,648760,False,True,1.0,0.07845228910446167
вывоз мусора печатники,81ce830d4984ac92,75,True,637640,637640,False,True,1.0,1.0
прием металолома,c7982c24f63c25c0,43,False,107620,639470,True,False,0.0862819254398346,1.0
замена раковины  в кухонном гарнитуре,f130be02e7dd1e34,1,True,640860,640860,False,False,1.0,1.0
автобус межгород,5e33b284ba2a0fdc,18,True,633080,633080,False,True,1.0,0.5267499089241028
армянский ансамбль,9f69ed262f0a1c59,1,True,625810,625810,False,False,1.0,1.0
скупка шин,59bd0a1e1adafbd6,3,True,653240,653240,False,False,1.0,0.31364044547080994
косметолог увеличение губ,0b98c0bb5d56fda5,5,True,656350,656350,False,True,1.0,1.0
баня с мангалом,7d3086bf13a1c4e9,15,True,640860,640860,False,False,1.0,0.6677151918411255
заправка кондиционера машины,5b34237811c7bd67,1,True,661420,661420,False,False,1.0,1.0
личный инструктор по фитнесу,7c1ad848f754f297,2,True,624600,624600,False,True,1.0,0.0
сваи фундамент,6c386f1157ebb689,3,True,623880,623880,False,False,1.0,1.0
удаление новообразований,7dcb904bf8cda87d,3,False,107621,653240,True,True,1.0,1.0
сабельная пила аренда,9bdaa86245fb7a79,5,True,653040,653040,False,True,1.0,1.0
авто из белоруссии,9cbf1b7772e2900e,2,True,623880,623880,False,False,1.0,0.22022326290607452
ремонт стеклоподъемников,caaed96e63f9737b,2,True,653241,653241,False,True,1.0,1.0
прошить ps4,a18dc45781b489b4,9,True,633540,633540,False,True,1.0,1.0
замена кухонных столешниц,6b02cf20c68ffd76,33,True,661420,661420,False,False,1.0,1.0
ростов донецк,b7f3d182e467c581,24,True,652000,652000,False,True,1.0,0.0
монтажник зеркал,3916abfdbbdb14ef,1,False,659900,659880,False,False,0.30411651730537415,0.28777313232421875
сколы на лобовом,bf430fbfc607a0bc,1,False,634930,635320,True,True,1.0,1.0
снять кабинет в аренду,2467f22d0aa0da1d,5,True,642790,642790,False,True,1.0,1.0
скупка смарт часов,7473a25c034261b5,1,True,634030,634030,False,False,1.0,1.0
неоновая вывеска на заказ,12c105de3ed0553f,6,True,653240,653240,False,False,1.0,1.0
чертежи в компасе,5b718608877ded8a,5,True,637640,637640,False,True,1.0,0.07621508091688156
ремонт литиевых аккумуляторов,4b6032c96acc059f,1,True,632490,632490,False,True,1.0,1.0
грузоперевозки 3 тонны,3655bd0408a33c54,7,True,630090,630090,False,True,1.0,1.0
окрашивание волос модель рыжый,a6e9922e3165605b,320,False,107621,636840,True,True,0.21139344573020935,1.0
составить бизнес план,37f7fe55caecf885,2,True,642790,642790,False,True,1.0,1.0
сценарист,f1d969b4777e1b44,2,False,621540,637640,True,False,1.0,0.0
первичная аккредитация,9448331cf9b5f5eb,4,False,621540,652430,True,True,0.12115167081356049,0.1177653893828392
кафельщик работа,adffab5d3d42ea08,25,True,638480,638480,False,True,1.0,0.06003916263580322
услуги переезда с грузчиками,e27a0c91b5989471,18,True,653240,653240,False,False,1.0,1.0
pdr,de897ee22d599eaf,51,False,660711,653393,True,False,0.0,0.8901806473731995
поездка на мотоцикле,14a97e170cb542e5,1,True,633540,633540,False,False,1.0,0.8118812441825867
поездка на мотоцикле,f8cee8bc7da592e8,2,True,633540,633540,False,False,1.0,0.8118812441825867
септик из бетонных колец под ключ,f54b57e7ba72754a,4,False,107621,653240,True,False,1.0,1.0
хорарный вопрос,37de9880844c68c0,1,True,637640,637640,False,False,1.0,1.0
педикюр подолог,3ce300d59dd16a2c,28,True,621585,621585,False,True,1.0,0.6650435328483582
наращивание ресниц 2d,97acafbf2ead0b5b,6,False,640310,640860,True,True,1.0,1.0
свадебный образ,7af7960ce2f3a11b,26,True,637640,637640,False,True,1.0,1.0
скупка моторов двс,f2df53cf2f6b90b2,17,True,637641,637641,False,True,1.0,0.048915501683950424
косметология,ad165dde6a59f0c5,5,True,635320,635320,False,True,1.0,1.0
пескоструйка,dbe0e34de40c81b0,3,True,637640,637640,False,False,1.0,1.0
скупка монет ссср,7f4a9990ba94c634,6,False,621540,637770,True,True,0.1557246297597885,1.0
регистрация по месту жительства,188f79b7ac4ea20e,23,True,630090,630090,False,False,1.0,0.3269171118736267
реставрация керамогранита,ff69532f9593167b,37,False,638130,637640,False,False,0.3770677447319031,0.068060964345932
изготовление вывесок,838d3c2de5daa77c,2,True,628500,628500,False,False,1.0,1.0
заправка кондера в авто,cfdfb24279bcaaa2,2,True,646600,646600,False,True,1.0,1.0
выкуп электроники,4059db0a6eae773f,3,True,648630,648630,False,True,1.0,1.0
выкуп электроники,453418e142d370c9,2,True,648630,648630,False,True,1.0,1.0
скупка стекла,c98dd72b7d3b005d,1,False,107620,637640,True,False,1.0,0.12282979488372803
ремонт откосов,2cf24633f4199216,3,True,637540,637540,False,True,1.0,0.06758558005094528
аренда террасы,6c844da09479f1cf,399,True,637640,637640,False,True,1.0,0.014067139476537704
вскрытие замков дверей квартиры,4e68d772c5078545,2,True,661420,661420,False,True,1.0,1.0
газель по городу,c7048432313d7c8b,28,True,635320,635320,False,True,1.0,1.0
шелкография,e0f455180b6dcdca,1,True,653240,653240,False,False,1.0,0.0
штроборез в аренду,3acfa3686dfce1c1,20,True,637640,637640,False,True,1.0,1.0
коррекция тату,234e5c4992ebc39e,6,True,637640,637640,False,True,1.0,0.24985679984092712
натяжные стены тихие,1be10f054b5a519f,1,False,107620,637640,True,False,1.0,0.0
замена шкворней,dbce93de3d408363,19,True,661100,661100,False,False,1.0,1.0
скупка кислородных баллонов,3dc36b74442899df,2,True,661420,661420,False,False,1.0,1.0
вывоз старой плиты,3f61c7a8c23d741c,24,False,107620,637640,True,True,1.0,1.0
ламинирование волос,e3369b99181e22e0,26,True,635320,635320,False,True,1.0,0.5432736277580261
услуги сваекрута,69c40c7640de7372,9,True,621630,621630,False,False,1.0,0.009361986070871353
аренда автобуса на свадьбу,a654fe555342ac80,1,False,651110,652000,True,True,1.0,1.0
прокат посуды,628d48658e2a1fa8,6,True,637640,637640,False,True,1.0,0.8345601558685303
перевозка замороженных продуктов,47a796db34431eb3,3,False,621540,637640,True,False,1.0,1.0
медведя федерико феллини,dc0a48efd8ae4d1e,4,True,650400,650400,False,False,1.0,1.0
записаться на ресницы,060ee8da73c3a45e,52,True,652000,652000,False,True,1.0,1.0
ремонт мониторов,a85baed12dcffac7,20,True,642320,642320,False,True,1.0,1.0
ремонт мониторов,cf8b881b52188f2b,11,True,642320,642320,False,True,1.0,1.0
рыбалка на белом море,485be15e157d029c,3,False,621540,623010,True,False,0.05052373930811882,1.0
скупка айфонов на запчасти,b2b384e9fb391ed9,22,True,637640,637640,False,False,1.0,0.7596865296363831
реставрация мрамора,da94da6d3039ffa1,60,False,107620,638570,True,False,0.20154766738414764,0.7071005702018738
русификация китайских автомобилей,b2bbe519f8bea8e2,1,True,628970,628970,False,False,1.0,1.0
курсы обучение наращивание ресниц,c266e74c2caac9c1,11,True,637640,637640,False,True,1.0,0.10291841626167297
продать авто на разбор,67ac06eb0a0b5cd7,1,True,621581,621581,False,True,1.0,1.0
ремонт мобильных телефонов,d7a4b71681dde693,1,True,653240,653240,False,True,1.0,1.0
автосервис ниссан,9c989a4d60f80534,1,True,653240,653240,False,True,1.0,1.0
шпаклевка стен под обои,0dbd703524b9d9b4,13,True,651180,651180,False,True,1.0,0.5569626092910767
кастрация крыс,755ef6a61fca4064,2,True,633540,633540,False,False,1.0,1.0
аренда автомобиля с водителем s class,dc4874ca502a0f67,8,True,662810,662810,False,False,1.0,1.0
слесарь ремонт замков двери,ad86a4dfd1f1aa0e,4,True,637640,637640,False,False,1.0,1.0
стирка ковров с вывозом,2e6bc1d9ab150d00,11,True,625810,625810,False,False,1.0,1.0
волосковые брови,837eb5f84d2b09d3,3,True,637640,637640,False,False,1.0,1.0
репетитор по флейте,fd250f8748520750,45,True,653240,653240,False,False,1.0,1.0
экспертиза квартиры,066b782c3e6be096,1,True,653240,653240,False,False,1.0,0.32614654302597046
автоперевозки,f1f7c0e76f4ccc3a,26,True,637640,637640,False,True,1.0,1.0
лабораторное шоу аниматоры,7b5d555711eda13b,21,True,636160,636160,False,True,1.0,1.0
дома из клееного бруса,9c9ef9b83610818e,4,True,637640,637640,False,True,1.0,1.0
восстановить телеграмм,d0f23e16ae9b455f,1,True,633540,633540,False,False,1.0,0.6374185681343079
вывоз грунта,61997d677044cdd2,12,True,639250,639250,False,False,1.0,0.012719281017780304
вывоз грунта,685d7694447725f7,2,True,639250,639250,False,False,1.0,1.0
баня кумысная поляна,462a82304fd80c31,2,True,653241,653241,False,False,1.0,0.0849405974149704
написание статьи вак,c21a1d8e1e1319d9,8,True,653240,653240,False,True,1.0,1.0
табличка из нержавейки на крест,6b3350b07fa31f22,1,True,624840,624840,False,False,1.0,0.33414921164512634
вывоз ненужной мебели бесплатно,95297ea5891c3c19,12,True,644200,644200,False,False,1.0,1.0
вывоз ненужной мебели бесплатно,d7617a260856df4e,16,True,644200,644200,False,False,1.0,1.0
отдых,d53d8681d5677978,2,False,661460,661950,True,False,1.0,1.0
липолиз,662bb3dbd45a079c,2,True,653265,653265,False,False,1.0,1.0
заберу металлолома,d5dcd39e85ac22c3,8,True,653240,653240,False,True,1.0,1.0
учитель гитары,4a253091220bccd9,6,True,653240,653240,False,True,1.0,1.0
сантехнические перегородки,c5c466c5c692b086,0,False,621550,621581,True,True,,
грузо такси,feb0273079ab7075,12,True,631430,631430,False,True,1.0,0.32594799995422363
услуги электрика электромонтаж,cb6f7ad2206d6cb2,1,False,634310,632870,False,True,0.451877236366272,1.0
сборщик кухни,b164f00c40a01479,16,True,661420,661420,False,True,1.0,1.0
услуги юриста бесплатная консультация,33804a3116377a2b,2,True,659020,659020,False,False,1.0,1.0
рефенансирование кредита,2270edb7ce0606d6,1,True,644200,644200,False,False,1.0,0.8821995258331299
укладка волос прически,6aa703c955f86827,1,True,650910,650910,False,True,1.0,1.0
аренда стремянки,2ed43ce1ec590ad8,4,True,659020,659020,False,True,1.0,1.0
1 с,098c32654b882687,6,True,621630,621630,False,False,1.0,0.04015902057290077
виза в китай,c176988f33280a4e,2,False,107620,637640,True,True,1.0,1.0
отделка бани,9e5bf3976333abb5,2,True,661440,661440,False,False,1.0,1.0
собеседник на час мужчина,ee971d363f681bc4,1,False,621540,637640,True,False,1.0,1.0
установка системы очистки воды,c631ca503d6a9877,1,True,659020,659020,False,True,1.0,1.0
снос домов,7d79e01c72ef638e,1,True,623130,623130,False,True,1.0,1.0
трансфер маршрутка,f0f7965e9841a654,2,True,623880,623880,False,True,1.0,1.0
семейный адвокат,2bfa19cbbf2c1c9b,12,True,653240,653240,False,True,1.0,1.0
мужской психолог,5030ee1734a2f715,3,True,642320,642320,False,False,1.0,1.0
услуги по переезду,beba81a4dc0dad52,2,True,653940,653940,False,False,1.0,0.9665647745132446
почасовая аренда массажного кабинета,a9c300289e1c7228,20,True,637640,637640,False,True,1.0,1.0
шары цифры,93d749d62da43536,6,True,650400,650400,False,True,1.0,1.0
аренда оборудования,ed08406aa367f62a,98,True,641780,641780,False,True,1.0,0.5062270760536194
видеосъемка,9755751c97420360,1,True,652000,652000,False,True,1.0,1.0
изготовление статуэток,2fb3afdb0e29ed25,171,True,654070,654070,False,False,1.0,0.09954030066728592
обучение массажу,5ec0d2620ed2078d,2,True,646600,646600,False,True,1.0,1.0
сварочные работы аргон,fe25a94baa53da71,6,True,641780,641780,False,True,1.0,0.428658664226532
прическа на выпускной в школу,b5ac17a8057798c3,17,True,640860,640860,False,True,1.0,1.0
установка стеновых панелей,78ec46514bf12081,1,False,107621,653240,True,True,1.0,0.05902805179357529
газонный каток в аренду,d2e8104d8e714b85,1,False,662000,662210,True,True,1.0,0.5821934342384338
услуги ямобура бурение,819fbcc0be9a0b24,7,True,659020,659020,False,True,1.0,0.10609696805477142
снести стену,d0710a181e4fd140,9,True,650510,650510,False,True,1.0,1.0
скупка вывоз и утилизация бытовой техники,0d0d772e26e63e0a,2,True,659880,659880,False,True,1.0,1.0
обучение педикюр,0f264e4b2151ea4d,14,True,637640,637640,False,True,1.0,0.9525833129882812
доставка мебели по городу кемерово,2eec108ed71771b2,26,False,621540,631270,True,False,0.11848867684602737,1.0
скупка мотоциклов,f3aed6ba289e54e1,31,False,637510,635980,False,True,9.290223657875205e-19,0.7865885496139526
спутниковый интернет,ed4100e00e6e0431,2,True,643560,643560,False,True,1.0,0.9991544485092163
аренда обжим,bc06cdf3336c1b7a,15,True,658080,658080,False,True,1.0,0.001965045463293791
вынос старой мебели из квартиры,84c2c968f5cc082c,10,False,641470,641780,True,False,1.0,1.0
инструктор по вождению lada granta,39f92506cb463b6d,12,True,625810,625810,False,False,1.0,1.0
ретушь фотографий на памятник,be5798cf2fb7c96b,1,True,623130,623130,False,False,1.0,1.0
просушка квартиры после затопления,da50d5a007a51d66,1,True,659020,659020,False,False,1.0,0.17484478652477264
разблокировать iphone,e9d7780d11e006da,2,False,660710,661420,True,True,1.0,1.0
аренда салона красоты,84e12bf0bde7d7a2,5,True,630090,630090,False,True,1.0,1.0
мастер по напольным покрытиям,91d21b0b42988d6f,28,True,637640,637640,False,True,1.0,1.0
реанимация растений,77e8640a2127a1de,1,True,652000,652000,False,True,1.0,0.6343027353286743
удаление краш даты,ad4782979df560f8,5,False,107620,637640,True,True,1.0,0.03312280774116516
полиграфические услуги,d22ea9950e1f2bb0,1,True,656350,656350,False,False,1.0,0.7777973413467407
технический проект планировки,954303438bc322af,2,True,637640,637640,False,False,1.0,0.22408880293369293
дверные проемы,76ba1ceb053ddc38,2,True,621670,621670,False,False,1.0,0.7052680850028992
макаронс,daa962a83834fe64,18,False,629430,629770,True,True,1.0,0.0
заправка фрионом,09db7cd3ca38a683,2,True,637640,637640,False,True,1.0,0.2942442297935486
изготовление штампа,1b46d6e81c5b7bdb,1,True,635320,635320,False,False,1.0,1.0
услуги педикюра,51b2bac0fccf09a5,3,True,649210,649210,False,False,1.0,1.0
промывка отопления,1153109aa25d66ff,3,True,650400,650400,False,True,1.0,1.0
промывка отопления,62ec5854e27205e7,2,True,650400,650400,False,True,1.0,1.0
открыть машину ло,8bd1e2fc072482dc,1,False,107621,653240,True,True,1.0,1.0
power query,23ff746599b9419c,2,False,621540,653240,True,False,0.6285080313682556,0.0
банщик,a4e52585182a613f,1,True,625810,625810,False,False,1.0,1.0
ремонт тентов полуприцепов,55307b87db24bae2,2,True,641780,641780,False,False,1.0,0.020540986210107803
монолитчики,96d1eaa3dbed6fa2,18,False,621540,646600,True,True,0.23562704026699066,0.20316284894943237
доставка земли грунта,ad9ecf7bcf436436,1,True,657030,657030,False,False,1.0,1.0
отсыпка участка выравнивание,9343f61ea6f7cc2a,3,True,654070,654070,False,True,1.0,1.0
гальваника,6545292c18a213c5,3,False,621540,637640,True,False,1.0,1.0
замена счетчиков воды,51999ac02dd8e17e,1,True,648220,648220,False,True,1.0,1.0
сварка аргоном выезд,fe6266304dd8841f,6,True,637640,637640,False,False,1.0,1.0
3д печать на заказ,6f3e41f6c4bfeb65,7,True,653240,653240,False,False,1.0,1.0
подготовка к школе 1 класс,a4480df601061706,1,True,660250,660250,False,True,1.0,1.0
татуаж,df8f7de9ef53f4de,4,True,650910,650910,False,True,1.0,1.0
курсы кройки и шитья,17a56aaaf4d7955b,5,False,107620,637640,True,True,1.0,1.0
принимаем катализаторы,751e2d3faa572cd4,2,False,107621,653240,True,False,1.0,1.0
кладка газоблока,71a0ae9e89966270,8,False,660710,660870,True,False,0.06448258459568024,1.0
памятник из гранита,45fd751cc3f35c97,3,True,624840,624840,False,False,1.0,1.0
образ невесты,2b6f98f82ef26f6e,14,True,653240,653240,False,True,1.0,1.0
кровельные работы,a22c179117cf34aa,1,True,636160,636160,False,True,1.0,1.0
груминг с выездом на дом,3169922d3ddfa0ec,5,True,644200,644200,False,True,1.0,1.0
аренда kia k5 на свадьбу,09160b68f1490335,1,True,640860,640860,False,True,1.0,1.0
платная рыбалка,5a89ae5b1bd735b4,215,False,652560,653150,True,False,0.0,1.0
перетяжка кухонных фасадов пленкой,1e2c720a9b26a9d9,2,True,637640,637640,False,False,1.0,1.0
установка напольных плинтусов,eca97991c2dcd4c6,3,True,661420,661420,False,True,1.0,1.0
аренда тепловизор,44b9dc2d96cccb2d,1,True,638930,638930,False,True,1.0,1.0
иглоукалывание,899587f385b239f1,1,True,639440,639440,False,False,1.0,0.0
юрист по вопросам жкх,95933b7e263c2ffd,1,True,656200,656200,False,False,1.0,1.0
отсыпка щебнем,6ce083b69e8a82e7,1,True,631270,631270,False,False,1.0,0.15743814408779144
аренда помещение для праздника,d7a82c5ded18b8db,1,True,633540,633540,False,False,1.0,1.0
аренда электровелосипеда u2,1409f2dec65c57fb,9,True,653240,653240,False,False,1.0,1.0
монтаж гипсокартона,de176eeaafcdd6ea,3,True,625740,625740,False,False,1.0,0.0
вывеска реклама,838d3c2de5daa77c,1,True,628500,628500,False,False,1.0,1.0
вывоз мусора контейнером 20 м3,ada9ce31136e5ed2,12,True,653241,653241,False,False,1.0,1.0
скупка катализатора,f5e8e8620701c40a,1,True,806640,806640,False,True,1.0,1.0
перевозка посылок из калининграда в россию,bee1ab3becb3ceba,1,False,629990,630090,True,False,1.0,0.6989192366600037
установка мдф панелей на двери,48e861b84cd051c1,1,True,637640,637640,False,True,1.0,1.0
поездки геленджик  с горячего,c10919ba1a628278,1,True,633080,633080,False,True,1.0,0.18986524641513824
машинная вышивка на заказ на одежде,7d4ce0b45449151f,7,True,646600,646600,False,False,1.0,1.0
электровелосипед,86c6ec6cfefb277c,2,True,656901,656901,False,False,1.0,0.35159921646118164
вспахать участок мини тракторои,e6fb934a0cd872a2,1,True,648760,648760,False,False,1.0,0.210791677236557
обустройство скважины,437264c4309935af,1,True,659300,659300,False,False,1.0,1.0
ремонт партативной электростанции,30c143cddaaa20e1,1,False,621540,637640,True,False,1.0,0.8298738598823547
промышленная безопасность,033226f7b2389fcc,9,True,653040,653040,False,True,1.0,0.0
такси из астаны,27615c020b3fd037,1,True,642320,642320,False,True,1.0,1.0
баня с чаном в аренду,6caf4d2af291f30c,4,True,650910,650910,False,True,1.0,0.9722779393196106
африканские косички,823133a824f937a0,1,True,661420,661420,False,False,1.0,1.0
мойка днища на подъемнике,a1be27af9fba9bac,3,True,653240,653240,False,False,1.0,1.0
чистка подушек,3bb4d075cda286e4,1,True,642790,642790,False,True,1.0,1.0
ремонт холодильного оборудования,09db7cd3ca38a683,9,True,637640,637640,False,False,1.0,1.0
ремонт нинтендо свич,8e4f01f4be020d5d,1,True,642320,642320,False,True,1.0,1.0
обучение прическам,06d64644d48c985c,31,True,637640,637640,False,True,1.0,0.16643474996089935
обучение прическам,f2273b0502bec44d,21,True,637640,637640,False,True,1.0,0.16643474996089935
заливка бетонного пола в гараже,2393d19273321299,3,False,642020,642320,True,True,1.0,1.0
тренер по шахматам,104da90f582eb10b,3,True,625810,625810,False,True,1.0,0.07999449223279953
аренда дома с чаном и баней,dc8782713c848a24,2,True,640860,640860,False,False,1.0,0.1473790407180786
ремонт велосипедов на дому,ddbeb71561ec5726,1,True,637640,637640,False,False,1.0,1.0
восстановить удаленные файлы,107c10c95b81059a,4,True,634450,634450,False,True,1.0,0.5187926888465881
трансфер грузия,4494aa11cbdc2d65,28,True,649870,649870,False,True,1.0,0.30101487040519714
замена катализатора киа рио 3,c6e8e52bff99bc86,3,False,107620,637640,True,True,1.0,1.0
обучение excel,ab8555ca60e80a3f,17,True,653240,653240,False,False,1.0,1.0
обучение excel,cf204bba0f132647,6,True,653240,653240,False,False,1.0,1.0
чистка ковров на дому,b29e0ba187ea1f6a,11,True,637640,637640,False,True,1.0,1.0
химчистка салона авто,36fc18b85678be80,1,True,637640,637640,False,False,1.0,1.0
услуги крана манипулятора,06600bdf196e7688,3,True,652000,652000,False,False,1.0,1.0
ассенизация,45014126c2fbff83,164,False,640310,640810,True,False,0.06080178916454315,1.0
шатуш,eb98f277f6c8ee7a,8,True,654070,654070,False,True,1.0,0.0
починка iphone,4227180ff2ca330b,9,True,659300,659300,False,True,1.0,1.0
аренда мебели,aa6abd2b4756937f,177,True,643190,643190,False,True,1.0,0.0
пирсинг модель,0c3e18e57697d890,1,True,657600,657600,False,False,1.0,1.0
фундамент под ключ,bdadbff11b32ab7a,1,True,646600,646600,False,True,1.0,1.0
сделать ключ от домофона,c5762075532c0e7e,1,True,648220,648220,False,True,1.0,1.0
преподаватель по вокалу,abfa2cb600c6c899,1,True,650400,650400,False,True,1.0,1.0
детали машин,931a512a18e4dc11,0,False,621540,654070,True,True,,
ремонт электро самокатов,ea404f6fb1944c33,1,True,641270,641270,False,True,1.0,1.0
кудри,8139973486e3ece0,6,True,621630,621630,False,True,1.0,1.0
аренда porsche,425651af4ae31bfe,162,False,107620,637640,True,True,1.0,1.0
наращивание цветных прядей,5fea3db5bc93a441,1,True,636160,636160,False,False,1.0,1.0
заточка,292647966ff8a4a1,14,True,650400,650400,False,False,1.0,1.0
грузоперевозки газель маленькая,c6daeb84b3c6598e,1,True,625810,625810,False,False,1.0,1.0
оформление гбо на автомобиль,8c1601d5475ca8b7,11,False,655190,656350,True,False,1.0,0.0
печать фотографий в стиле polaroid,75240e87a957dc37,1,False,660710,661420,True,False,1.0,1.0
печать журналов,f6220c012a41e5b5,2,True,624840,624840,False,False,1.0,0.025640862062573433
сборка кухонного гарнитура,ab8e725aa4c563e4,1,True,656901,656901,False,True,1.0,1.0
семейный домик с баней,e8dac8ac6fe0a3a9,4,True,659020,659020,False,True,1.0,0.11248618364334106
моющий пылесос для мебели в аренду,428940970910607e,3,True,624850,624850,False,False,1.0,1.0
маникюр наращивание модель,80d9c1619eae00e0,24,True,653240,653240,False,True,1.0,1.0
аренда газонокосилки,596193bfaafd1186,1,True,650510,650510,False,True,1.0,0.5904052257537842
устаноака кондиционера,883ba2c8cc98e438,15,True,653240,653240,False,True,1.0,1.0
заказать мишку,1120408a6a4ada34,5,True,623130,623130,False,True,1.0,1.0
заливка бетона во дворе,b1389d0af0813312,1,True,652000,652000,False,True,1.0,1.0
беседки для отдыха,23c19a0ef0c109ba,9,True,621630,621630,False,True,1.0,1.0
беседки для отдыха,46b138db81480fe7,7,True,621630,621630,False,True,1.0,1.0
компьютерные мастера,cbd745b92c194124,223,False,621540,636160,True,True,0.07988505065441132,1.0
стрижка кошек выезд на дом,fc98730335ebb51c,10,True,650400,650400,False,True,1.0,1.0
замена насоса стиральной машины,e361256d77b8a6de,5,True,621585,621585,False,True,1.0,1.0
разработка мобильных приложений,d43e23867224dae1,2,True,650400,650400,False,False,1.0,1.0
передержка кошек на время отпуска,ce826138137e4505,1,True,631870,631870,False,True,1.0,1.0
рабочие по ремонту квартир,7f0cccb420a13a27,601,False,621630,659020,False,False,3.558360339240077e-14,1.0
проектирование каркасных домов,55d1d0ab99386877,4,True,652000,652000,False,True,1.0,1.0
покос травы трактором,ebb9452fb87bd514,1,True,646140,646140,False,False,1.0,0.21807661652565002
учетная запись ps5,7f94668aafd67679,1,False,107621,653240,True,True,1.0,0.3127557635307312
увлажнение губ,c4c6911e6b09c498,3,True,656830,656830,False,True,1.0,0.07949601858854294
переводчик английского,933bf72cae080b31,13,False,107620,637640,True,True,1.0,0.5966059565544128
установка печки в баню,1fe55c7dbc7bad06,3,True,628970,628970,False,False,1.0,0.06867622584104538
пескоструй выезной,1fe7946745e824e3,1,True,628500,628500,False,False,1.0,1.0
триколор тв,0f0ac74e2c42ecaf,2,True,633540,633540,False,True,1.0,1.0
ава терапия,261919fb08ac108a,3,True,637640,637640,False,True,1.0,0.38872113823890686
кератин волос,e761e2341aa38bdc,16,True,650400,650400,False,True,1.0,1.0
сухая стяжка,5c48715caf9b5d50,2,False,630750,631060,True,True,1.0,1.0
доставка по городу,228eaab5315ba763,11,True,636550,636550,False,True,1.0,1.0
уроки скрипки онлайн,038d08798685f7d5,16,False,621540,641780,True,True,0.2588571310043335,1.0
рисунок на стене,5833905b1d9b827e,19,False,637720,624360,False,True,0.002969836350530386,1.0
ведущий настольных игр,f2a9591eff067871,1,True,653040,653040,False,False,1.0,1.0
свой человек в сша,d9eaaa1822221924,36,False,636700,653240,False,True,0.04775499925017357,0.08651804178953171
эвакуатор 24 7 андрей,8e0a8fafa0710d82,4,False,631730,631870,True,False,1.0,1.0
срочный выкуп квартир,0e1eb094bbc96eb9,1,True,653241,653241,False,True,1.0,0.745758593082428
обслуживание сплит систем,2a73a0e37cc92363,6,True,633540,633540,False,True,1.0,1.0
фронтальный погрузчик,06e9f8e449909e4b,1,True,661100,661100,False,True,1.0,0.6620158553123474
баня с бассейном на улице,119a6ebceae84904,3,True,621630,621630,False,False,1.0,0.8771533966064453
баня с бассейном на улице,2ce0479eb9106440,5,True,621630,621630,False,False,1.0,0.8771533966064453
промыть форсунки,08abc1950174f496,1,True,628970,628970,False,True,1.0,1.0
съемка рилс,dbf6f5529f0d8eab,23,False,107621,653240,True,True,1.0,1.0
установить карниз для штор,cbd503986282092d,147,False,107620,637640,True,False,1.0,1.0
выкуп товарных и складских остатков,3c21b930883b2b4a,7,False,621540,638570,True,False,0.12375738471746445,1.0
грузчики на час разнорабочие п��реезд вынос мусора,b948f3327405e1cf,1,True,653040,653040,False,False,1.0,1.0
вспашка и культивация земли трактором,f6aec801305ef8bd,1,True,624220,624220,False,False,1.0,1.0
разработка документов по охране труда,98a864d86c64721d,1,True,653241,653241,False,False,1.0,1.0
аниматор голустян,5eb8bbff4c5fbefe,34,True,661420,661420,False,False,1.0,1.0
место для свадьбы,794f1411e1766b37,35,True,662810,662810,False,False,1.0,0.3826621472835541
проверка счетчиков воды,241d26fa5c2a4a6c,8,True,640860,640860,False,True,1.0,1.0
автоключи,9234a5be62c1011e,1,True,632490,632490,False,False,1.0,0.0031624760013073683
ремонт пневматического оружия,a6e55c9326780f5a,22,False,107620,639740,True,False,0.18740050494670868,0.22822530567646027
ремонт пневматического оружия,f9d3b416a25e49b1,1,False,107620,637640,True,False,1.0,1.0
аппаратный педикюр,3a8e702f64bef056,1,True,630090,630090,False,True,1.0,1.0
массаж мужчинам,cb67e6b7a40836f7,115,False,107620,637640,True,False,1.0,1.0
мастер холодильников,61e795558dbc3e36,5,True,652430,652430,False,True,1.0,1.0
модель брови,947b51cad26a3664,9,True,637640,637640,False,True,1.0,1.0
электровелосипед аренда с выкупом,fb3c2eb315128640,1,True,653040,653040,False,False,1.0,1.0
перевозки газель,fb2d710dc59b6ccc,6,True,623130,623130,False,True,1.0,0.6633756160736084
роблокс аниматор,614e11e6a2b86298,1,True,650400,650400,False,True,1.0,1.0
курсы графического дизайна,d85029384488d414,1,False,107621,653240,True,True,1.0,0.2779541611671448
ремонт выхлопной системы,c3a3452e8a707b8c,1,True,621565,621565,False,True,1.0,1.0
лечение бруксизма,85b00c59257f5178,2,True,625810,625810,False,True,1.0,1.0
двойник,359192adbce8045f,12,False,653240,652000,False,False,0.015278753824532032,0.0
абиссинская скважина бурение,68ee7e73bd1b84e3,4,True,641270,641270,False,False,1.0,1.0
спил деревьев обрезка веток,e284e5f9fd2f4e6e,8,True,624840,624840,False,False,1.0,1.0
тяжелый дым,4236955cf3c56829,2,True,653040,653040,False,True,1.0,0.9297047853469849
маникюр алтуфьево,f32b940e96109c08,1,True,637640,637640,False,False,1.0,1.0
роспись стен,91e8e8b3713402b1,1,True,655550,655550,False,True,1.0,1.0
ботокс в пятки,213b1586900fba7e,8,True,637640,637640,False,True,1.0,1.0
торт наполеон,74a2190c8dd84034,12,True,623130,623130,False,True,1.0,1.0
выбить долги,8d4e5fc4c8d8d42a,2,True,637640,637640,False,False,1.0,1.0
изготовление маскитных сеток,ab5c1ff6b1c8dfbf,46,True,661420,661420,False,True,1.0,1.0
вакцинация кошек,b8afe7c3613589e5,1,True,653240,653240,False,False,1.0,1.0
ремонт harman kardon go play,c758a13bf0cfc2cf,2,True,637640,637640,False,True,1.0,0.0
визитки по установке кондиционера,059db3a83c87a804,6,True,637900,637900,False,True,1.0,0.07655754685401917
грузоперевозка,c89d17a5a64989ab,14,False,639260,639240,False,True,0.3632899224758148,0.7732294201850891
трансфер гагра,d1fa4873e49c96c2,16,False,634748,634450,True,True,1.0,1.0
обучение наращиванию ресниц с трудоустройством,2b452ded0260b8c1,2,True,653240,653240,False,False,1.0,1.0
музыканты на мероприятие,91e3c75777c93c71,6,True,640860,640860,False,True,1.0,1.0
массажист на дом,b1aadb4bdb526758,20,True,654070,654070,False,True,1.0,1.0
выкуп битых авто,b9f8c48d820fdaed,1,True,661950,661950,False,True,1.0,1.0
сборка шкафов,1eee3b0e6a2b509d,12,True,653940,653940,False,True,1.0,0.0028095024172216654
услуги риэлтора,375468703d924b0a,4,True,650400,650400,False,True,1.0,1.0
собеседник друг на час,1beb8eadd8235e17,2,True,653240,653240,False,True,1.0,1.0
установка генератора для автозвука,2927924c9a3dfe64,1,False,651110,652000,True,False,1.0,1.0
монтажный пистолет,4d30cb14e091a45e,7,True,653401,653401,False,True,1.0,1.0
монтаж антидроновой сетки,e375bc6d03376681,3,False,621540,623430,True,False,0.12115167081356049,0.0
границы участка,a863757feb913159,1,True,621630,621630,False,True,1.0,0.8991250991821289
трессы,f5d8ade07ed2db11,3,False,107621,653240,True,True,1.0,1.0
отмостка,5c0be2ce8810b0df,5,True,641780,641780,False,False,1.0,1.0
перевозки газель рефрижератор,7e1bb8630fc4d072,2,True,654070,654070,False,True,1.0,1.0
мтс домашний интернет,174105799169fdeb,1,True,652100,652100,False,False,1.0,1.0
ремонт блоков управления стиральных машин,0a2a4b0d892dfe97,1,True,659880,659880,False,True,1.0,0.8069574236869812
водородная раскоксовка двигателя,c93a002f5c02a804,1,True,653040,653040,False,True,1.0,0.0014032962499186397
скупка резины,fb140c357bf62764,1,True,640860,640860,False,True,1.0,1.0
покошу траву каширский район,961d3bf7815bfb44,1,False,637680,639180,True,False,0.9335033893585205,1.0
эротичиский массаж,4c62cc2971024b19,94,True,650400,650400,False,False,1.0,1.0
обучение маникюр,bf2bfbe5b38ad4fb,4,True,646600,646600,False,False,1.0,0.23167559504508972
грумер на дом,7a5cc8f69f43e8d2,4,True,637640,637640,False,True,1.0,1.0
ремонт стиралтных машин,dd79b2f1e4e4df40,3,True,645450,645450,False,True,1.0,1.0
ремонот триколор,91b75ae67610fa32,3,True,653391,653391,False,False,1.0,1.0
байер казахстан,b218eab7c54e3c7d,38,True,637640,637640,False,True,1.0,1.0
codesys,3ea336568a0409dc,34,False,621540,636160,True,False,0.07988505065441132,0.0
прогулки на лошадях,e1286f31660864de,1,True,650400,650400,False,True,1.0,1.0
прогулки на лошадях,f18e31029b8248bd,5,True,650400,650400,False,True,1.0,1.0
регистрация авто в гибдд,8ef096be32385d70,6,True,637640,637640,False,False,1.0,1.0
аренда массажного кабинета,9951c8174e97683a,1,True,633540,633540,False,True,1.0,1.0
широкоформатная печать банер пленка,4f889d650955d860,1,True,654070,654070,False,False,1.0,1.0
переоборудование авто с категории д на в,51e9dc3dfd82623c,5,True,659020,659020,False,False,1.0,0.0
ремонт автомобильных кондиционеров,d59e8d7e6e9db1c3,2,True,631060,631060,False,False,1.0,1.0
веломастер,5f0d4e7fc0e89218,4,False,636500,636840,False,False,0.5047176480293274,0.21750614047050476
настройка vr шлема,dcf3af9190021651,1,True,633540,633540,False,True,1.0,1.0
надгробные памятники изготовление и установка,241a22120f765999,12,False,632870,632670,False,False,0.02341645397245884,1.0
треугольный дом с чаном,0b25564215c3d66b,29,False,107620,639090,True,False,0.06360787898302078,1.0
обработка участка от комаров,adc008df6f134050,1,True,660470,660470,False,False,1.0,1.0
изготовление печатей и штампов,10e86b46306f53a6,2,True,654070,654070,False,False,1.0,1.0
выездное мороженое,fd94649398cb8380,1,True,652000,652000,False,False,1.0,1.0
укладка настил линолеума,7b82a6bc801457de,1,True,646600,646600,False,False,1.0,1.0
плетение кос с канекалоном,651eca9a81f1362e,1,True,653240,653240,False,True,1.0,1.0
передежка кошек,1f68e6558edc01ed,72,False,650400,637640,False,True,0.04933636635541916,1.0
гудронатор,8e42a90e0b986b04,1,False,651110,652000,True,False,1.0,0.0
каркасный дом,57010f00982cbffa,1,True,625810,625810,False,True,1.0,1.0
золочение серебра,bceb59f29339db22,1,True,637640,637640,False,False,1.0,1.0
еврозапил столешницы,0fc19a1423277d61,2,False,107621,653240,True,False,1.0,1.0
ремонт шкафов,c38e4822e19c155c,3,True,646600,646600,False,True,1.0,1.0
ремонт автомобильных холодильников,bdc218c473c5678a,1,True,661100,661100,False,False,1.0,1.0
монтаж систем вентиляции,8e3eddf34397f055,1,True,646600,646600,False,False,1.0,1.0
курсы фотографа,99f9fff6e901953b,1,True,634450,634450,False,True,1.0,0.1648310273885727
репетитор по рисованию,272e669304851e34,2,True,645660,645660,False,True,1.0,1.0
сауны,b8cd827fa3f8b486,9,True,635320,635320,False,False,1.0,1.0
снятие катализатора,e37148ed3802c14c,1,True,661420,661420,False,True,1.0,1.0
рыбалка на сахалине,9962d6cf888db279,12,True,653690,653690,False,False,1.0,1.0
мишка,a9e90a3ab23a9ba1,1,True,621560,621560,False,True,1.0,1.0
прокладка канализации,9358e957ea6ef5ae,2,True,647420,647420,False,True,1.0,1.0
изготовление и установка ворот,4ab5d95e3dbd0660,6,True,631870,631870,False,False,1.0,1.0
демонтаж плитки,3dba352424e57a5f,4,True,652000,652000,False,False,1.0,1.0
такси под выкуп,7540fe566a08ebcf,2,False,630270,630410,True,True,1.0,0.41324904561042786
фасадный подъемник люлька купить бу,c252f23a871de1fb,1,True,659020,659020,False,False,1.0,0.0
мебель на заказ,b037e7922cb75048,1,True,637770,637770,False,False,1.0,1.0
гадание,0b142e7d1f5261a0,2,True,661420,661420,False,False,1.0,1.0
установка пластиковых дверей,36d9ad80aac51b9e,22,False,107620,637640,True,True,1.0,1.0
наращивание ресниц за час,f5a84b4ef603a5f4,69,False,107620,637640,True,True,1.0,1.0
уход для волос,089fbb3d18a581cb,43,True,637640,637640,False,True,1.0,1.0
отделка панелями,4abcf26d8289143b,37,False,653040,653140,False,False,0.14812849462032318,0.0
дрель алмазного сверления аренда,a14b8b8bb2ae30fc,5,True,637640,637640,False,False,1.0,0.44555774331092834
расточка центрального отверстия диска,fa131751808e1729,1,False,628780,629370,True,False,0.3499270975589752,0.3154407739639282
аренда контейнера для мусора,b13156d54f609726,7,True,637640,637640,False,True,1.0,1.0
стрижка и окрашивание волос,54a35a1f632c1d5c,2,True,661100,661100,False,False,1.0,1.0
перевозка ларгус,f6e55de301f2643f,2,True,633540,633540,False,True,1.0,0.0021925363689661026
приклеить обои,e2d9fde67412fb13,62,True,653240,653240,False,True,1.0,1.0
вывоз старых окон,011bc792464400f3,1,True,653241,653241,False,False,1.0,1.0
положить плитку,8829644d34e4f8f1,1,True,630410,630410,False,True,1.0,1.0
трансфер межгород,d45c50ca398b3523,2,True,660930,660930,False,True,1.0,1.0
грузоперевозки fiat,1ff1dfc17e7fa564,18,False,652220,652430,True,True,1.0,0.445697158575058
землекопы разнорабочие,b49a016b1afc394a,6,True,652430,652430,False,False,1.0,1.0
ремонт снегозадержателей,be6a602ca3b9d530,1,True,637640,637640,False,True,1.0,1.0
автомеханик,061551d1e9573de0,6,True,648760,648760,False,True,1.0,1.0
ремонт шаровых опор,0bb01da579b8379a,1,False,640650,640860,False,True,0.376272976398468,1.0
укладка деревянных полов,adef9093364d9fae,44,False,653240,806660,False,False,0.37889644503593445,1.0
ремонт apple,f33e2d3cca0e3762,218,True,637640,637640,False,True,1.0,1.0
скупка авто дорого,9f398fe27f02fa35,7,True,656200,656200,False,False,1.0,0.04420718550682068
вспашка земли в тюмени район лесобазы,199a766a860f77b3,6,True,659020,659020,False,True,1.0,1.0
парфюмерный мастер класс,456e190e06e56884,1,True,661420,661420,False,False,1.0,0.14445695281028748
ремонт стиральной машинки lg,ba2b42e7d605ed9b,7,True,637640,637640,False,True,1.0,1.0
ремонт рюкзаков,b34430fe6d51b875,5,True,637640,637640,False,False,1.0,1.0
трансфер 12 мест,267edc7d8d9a92ba,5,True,633540,633540,False,False,1.0,0.8391029834747314
тяжелый дым на свадьбу,486bfa999aae6e73,4,True,637640,637640,False,True,1.0,0.7129402160644531
александритовый лазер,b8c4cb6b22512160,2,True,659300,659300,False,True,1.0,1.0
обустройство скважин,229ea23ee193e6f2,3,True,653240,653240,False,True,1.0,1.0
автоэлектрик на вызов,aa5ebce75f936637,1,False,636550,636613,False,True,0.5291536450386047,0.08655370026826859
оклейка винилом,5df4fe387412110c,13,True,637640,637640,False,True,1.0,1.0
косметолог эстетист,e8a0fa21dbea8335,6,True,642320,642320,False,True,1.0,1.0
прически локоны укладки,f21b49587b57f10a,15,True,653241,653241,False,False,1.0,0.0019966925028711557
г батайск master окна рол ставни   ремонт  рольставней  на окна,1147a0f27a597a1b,1,True,651180,651180,False,True,1.0,1.0
исполнительное производство,14b6bfde7697692c,1,True,633540,633540,False,True,1.0,1.0
репетитор по русскому языку егэ,18c5d06ae432910b,2,True,638150,638150,False,True,1.0,1.0
объемные наклейки,f640e6feb3dde23f,425,False,637640,653240,False,True,0.05902813374996185,1.0
оклейка автозеркал пленкой,5df82fb354a80253,48,False,107620,638910,True,False,0.0794462114572525,1.0
ремонт стеклокерамической плиты zanussi,fed6273b1e6be46d,3,False,107620,637640,True,False,1.0,1.0
секции для взрослых,018fc8375bd72383,1,True,632490,632490,False,True,1.0,1.0
песня ии,24cbe3cfada7c5fe,1,True,653240,653240,False,False,1.0,1.0
реклама на автомобиле,fc883f2784272da4,13,True,637640,637640,False,False,1.0,1.0
копка земли,78c7e1d605b79be5,15,True,654070,654070,False,True,1.0,1.0
джиси би услуги,492156fe6f486dba,18,True,631430,631430,False,True,1.0,0.028255144134163857
автовышка продажа,6ce4b716e745fbb6,1,True,659020,659020,False,False,1.0,1.0
криолиполиз модель,5cb04eef055cbd3a,2,True,633540,633540,False,False,1.0,1.0
рекультивация участка,7a735f01fcf82f7f,4,True,659020,659020,False,False,1.0,1.0
монтаж винтовых свай,52b24edcb7a7214b,7,True,639830,639830,False,True,1.0,1.0
колл центр удаленно,1c6d2079e07f4497,5,True,637640,637640,False,True,1.0,0.07153323292732239
бригада разнорабочих,557738b4731d71d3,32,True,653240,653240,False,True,1.0,0.24293150007724762
минитрактор,3d1c7be0e787efe2,1,True,656901,656901,False,True,1.0,1.0
ведение соц сетей,203537ea3dd7fbaf,1,True,625810,625810,False,True,1.0,1.0
навесы из поликарбоната,02811a130ce3912e,1,True,639440,639440,False,False,1.0,1.0
массажистка релакс выезд,54eebca8cefba351,13,False,634930,635320,True,True,1.0,1.0
татуировка с онлайн,c54ccad8c2a31618,4,True,637640,637640,False,True,1.0,1.0
hydrafacial,5966d594b89ce6f4,3,True,653240,653240,False,True,1.0,1.0
поменять экран телефона,5185b57700a1a3f5,10,True,621585,621585,False,True,1.0,1.0
ремонт hilti,6d39021c2983f3bb,1,False,629990,630090,True,False,1.0,0.10619014501571655
радиодетали скупка,f5a9af5a27fbbd27,1,True,651830,651830,False,False,1.0,1.0
курсы кройки и шитья бесплатно,10be42de7ab8acfa,9,True,653240,653240,False,True,1.0,1.0
аренда плиткореза,cb82d263a4138425,1,True,622660,622660,False,False,1.0,1.0
строительство из сендвич панелей,736327c4a4bc097d,7,True,652100,652100,False,True,1.0,0.10153180360794067
замена экрана телевизора,cf8b881b52188f2b,8,True,642320,642320,False,True,1.0,1.0
уход за лежачими больными,e1cb7bca2a509c02,8,True,661420,661420,False,True,1.0,1.0
биопротеиновое наращивание,2588116263f6102f,2,True,659880,659880,False,True,1.0,1.0
вождение с инструктором автомат,e613579ab8800dbf,4,True,650400,650400,False,True,1.0,1.0
банкетный зал в аренду,c2fd0fc05768c164,5,True,654070,654070,False,False,1.0,1.0
"создам gmail, google",1902177554a4019e,19,False,107620,639170,True,False,0.031161369755864143,0.7712128758430481
печать этикеток на бутылки,4861cae440d7a631,10,True,633540,633540,False,False,1.0,1.0
заказ минивена,07938a89b1f4fc71,10,True,633540,633540,False,False,1.0,0.3234713077545166
разблокировка iphone пин код,469d248d144e8c6f,7,True,637640,637640,False,True,1.0,1.0
асфальторез аренда,461843821eb80e75,1,True,646600,646600,False,True,1.0,0.07203835994005203
вспашка огорода,57d50901edbf72b4,2,True,642320,642320,False,True,1.0,1.0
доставка из китая,9d1524f5060a2ae3,1,True,660250,660250,False,True,1.0,1.0
капсулирование волос,1bb51c7d3de7dd10,11,True,653240,653240,False,True,1.0,1.0
от клопов,fd862944dd562398,13,True,653040,653040,False,True,1.0,1.0
доставка с грузчиками обухово,565ac6409b4c0ff4,24,False,653240,806520,False,False,0.35780641436576843,1.0
трансфер владикавказ тбилиси,33f8d361a92bdcde,16,True,649870,649870,False,False,1.0,1.0
трансфер владикавказ тбилиси,603623b4bd9e8f6c,12,True,649870,649870,False,False,1.0,0.2864960730075836
трансфер владикавказ тбилиси,bee602308dd4d4b3,25,True,649870,649870,False,False,1.0,1.0
аренда бензопилы,4c16e1ceb40ab572,3,True,640860,640860,False,True,1.0,0.8844305276870728
муж на час сантехник,4eb6ab96be9c7856,1,True,653341,653341,False,True,1.0,0.27630603313446045
продвижение яндекс карты,12caba63c94b9ded,23,True,637640,637640,False,True,1.0,0.42907777428627014
пришить погоны,73eb10ef228877a5,7,False,107621,653240,True,False,1.0,0.0
свадебный танец,70f9e8b86cad6531,4,True,642320,642320,False,False,1.0,0.7462326288223267
свадебный танец,7f3c64b829a9d6f7,9,True,642320,642320,False,False,1.0,1.0
плов,d39aaf2ec021bc9f,1,True,659880,659880,False,True,1.0,0.38175714015960693
репетитор по математике 7класс приволжский м-н самара,ad58eff68773dcfc,22,True,653040,653040,False,True,1.0,1.0
акт вдпо на дымоход,56c8208e31b63f86,9,True,640860,640860,False,False,1.0,0.04549596831202507
"мастер по настройке телевизора, текстильщики",45bfc743360e1ae3,1,True,637640,637640,False,True,1.0,1.0
изготовление номеров на автомобиль,5aab85ebb84aa582,5,True,641780,641780,False,True,1.0,1.0
вывоз мусора ломовозом,94042e4c4e90558b,1,True,640860,640860,False,False,1.0,1.0
маникюр сормово,529c6358f382b99e,13,True,640860,640860,False,True,1.0,1.0
чистка компьютеров,6e4725f12878050f,0,False,107620,637640,True,True,,
осеменение коров,f5a8b843cb93e602,1,True,655100,655100,False,True,1.0,0.22952689230442047
ручной траншеекопатель аренда,30a48f9afdfc712b,1,False,107620,639470,True,False,0.0862819254398346,1.0
скупка приставок,f51b269eed39e761,5,True,623430,623430,False,True,1.0,0.8663946986198425
приемщик дома,d70d2cfd5924a181,13,True,633540,633540,False,True,1.0,1.0
трансфер новороссийск геленджик,26914060efef3343,1,True,634030,634030,False,False,1.0,1.0
свадебный координатор,ef4dba3b5336c5da,3,True,621630,621630,False,True,1.0,1.0
место мастера маникюра,57493b7fcdb538ad,6,True,653271,653271,False,True,1.0,1.0
выкуп шин резины дисков,1d610fe1bf5f4721,3,False,653240,636440,False,False,0.49842649698257446,0.27953001856803894
установка дверных замков,389e3e27cd87afbf,13,True,643190,643190,False,True,1.0,1.0
байер япония,97acb478ef4e6770,11,False,621540,635320,True,False,0.19072294235229492,1.0
байер япония,fab5bf956436a174,1,False,621540,637640,True,False,1.0,1.0
ул российская,0ecc26d642a218f3,0,True,633540,633540,False,True,,
бурение лунок под столбы,ba5be7a207a68bad,2,True,658080,658080,False,True,1.0,0.29453447461128235
услуги юриста по недвижимости,1770ff20bd1c3c55,5,True,661420,661420,False,True,1.0,1.0
тюнинг фар,87d68a4bac78f805,1,False,621550,621565,True,True,1.0,1.0
свой человек в владивостоке,379cec7b0f8e22b8,7,True,644560,644560,False,False,1.0,1.0
ремонт водостоков крыши,6d1b97f55d075bac,6,True,653271,653271,False,True,1.0,1.0
услуги плиточника,d02ea9bb6c500e30,1,True,653241,653241,False,False,1.0,1.0
ремонт туалета,3985611744301ae2,1,True,650210,650210,False,False,1.0,1.0
постановка на учет авто,3806ac1e7d728502,7,True,637640,637640,False,False,1.0,0.08088190853595734
гараж сборный из сип панели,76b076ced38fa83f,0,False,621540,650910,True,True,,
мастер класс луна,dbbe5b58f9d1038f,2,True,646600,646600,False,False,1.0,0.3801388740539551
зал в аренду,c370ab9020176a1d,30,True,646600,646600,False,True,1.0,1.0
мастер по газовым колонкам,9621047974576417,2,True,640860,640860,False,True,1.0,1.0
тренер по велоспорту,ecc14888e20e668f,1,True,624840,624840,False,False,1.0,1.0
плитка укладка санузел,6b92f9917d5ee0d7,8,True,653040,653040,False,False,1.0,1.0
контейнер для мусора 8 м3,ea6830a7fd3b468d,3,True,639440,639440,False,False,1.0,1.0
эвакуатор между городами,8cff4be94524ee2e,6,True,650400,650400,False,False,1.0,1.0
диагностика geely,b7610aa2a77141c2,1,True,659300,659300,False,False,1.0,0.04096871614456177
точить тормозные диски,b3305f2d2eafb521,3,True,625810,625810,False,True,1.0,1.0
экскаватор выкопать траншею,f2e3e71658fd95d5,2,True,623760,623760,False,False,1.0,1.0
английский с носителем языка оноайн,ffe139c3abd47c40,8,True,662810,662810,False,True,1.0,1.0
мастер аккаунт geely,3f9b3d72e38dc4c1,11,True,637640,637640,False,False,1.0,0.7362924814224243
ремонт авто генераторов,f4c3d9d0f4448dfd,7,False,107620,639180,True,False,0.17719104886054993,1.0
заказ такси микроавтобус,f9ea6745fe70c3a1,2,True,621585,621585,False,True,1.0,1.0
адвокат по трудовым спорам,782bee7a4c7a8bc4,1,True,648220,648220,False,True,1.0,1.0
перепланировка квартиры согласование,5a00ff9224b907e4,4,True,637640,637640,False,False,1.0,1.0
смарт ключ,babc060a80f64f60,2,True,659300,659300,False,True,1.0,1.0
танец живота,6663632c8004e85f,4,True,650910,650910,False,False,1.0,0.9631877541542053
плету косы,cc908800e667c5da,1,True,626740,626740,False,True,1.0,1.0
ботекс,2d8470f61b75713b,3,True,656901,656901,False,True,1.0,1.0
массаж для беременных,881f1896449c1e76,3,True,650400,650400,False,False,1.0,0.9093416333198547
бирки печать для одежды,3eb87229f5cfa2b6,1,True,640860,640860,False,True,1.0,1.0
регистрация изменений в конструкцию тс,fe8add129ebbd290,12,True,637640,637640,False,False,1.0,1.0
моющий пылесос karcher,b2b4278577c6d724,2,True,650400,650400,False,True,1.0,1.0
дублирование ткани,f8519e7b05e9d1e3,1,False,107620,637640,True,False,1.0,0.03100448288023472
кузовной ремонт и покраска,72de72d5671fdca9,2,True,646600,646600,False,False,1.0,1.0
снять домик у озера,ea13a1d1b199c419,11,True,637640,637640,False,True,1.0,1.0
прокат авто с водителем v class,983b451df459a618,2,True,640860,640860,False,True,1.0,0.7214740514755249
сорняки,a158995695a318e0,6,True,642320,642320,False,True,1.0,0.3980458080768585
разбор и вывоз мебели,649d2961a0089822,6,True,637640,637640,False,False,1.0,0.3483031094074249
модель на брови,a21fdc527a100642,29,True,633540,633540,False,True,1.0,1.0
костоправ,01b72d71422e2185,9,True,623880,623880,False,False,1.0,1.0
кератиновое выпрямление,28e2c01d72b64a51,10,True,637640,637640,False,False,1.0,1.0
ремонт автомобильных дверных замков,256ae81fcad4b01c,2,True,633540,633540,False,False,1.0,0.09457426518201828
двери купе на заказ,d06dfd7f339c6f62,2,True,640860,640860,False,False,1.0,0.07571056485176086
пирсинг левенцовка,b06b0d819e7a28fc,8,True,652000,652000,False,True,1.0,1.0
joy con ремонт,5fdd91c4e1a3488f,1,True,624840,624840,False,True,1.0,0.0
вывоз мусора веток деревьев,b185be83d873b515,6,True,644200,644200,False,False,1.0,1.0
груминг собак,97be88f37c33a2f9,6,True,637640,637640,False,True,1.0,1.0
груминг собак,b9cceb9460e0069a,21,True,637640,637640,False,True,1.0,1.0
ремонт рамы газель,dbce93de3d408363,1,True,661100,661100,False,False,1.0,1.0
массаж на дому,eb1d0e7d16fd0e7b,4,False,107621,653240,True,True,1.0,1.0
родирование,a4bbc951a97a1116,1,True,634450,634450,False,True,1.0,0.6359768509864807
переводчик документов с русского на английский,1cd2232a36602554,2,True,653240,653240,False,True,1.0,1.0
ремонт яндекс станции алиса,2e93cf410f8e7927,1,True,637640,637640,False,True,1.0,1.0
фотопрогулка,2f9364e71315b5db,13,True,653240,653240,False,False,1.0,0.14324864745140076
вечерняя укладка,7af7960ce2f3a11b,8,True,637640,637640,False,True,1.0,1.0
пескоструй авто,ee002d08b59e747d,1,True,652000,652000,False,True,1.0,0.3641194999217987
бобкет,ea5730356f21d6cb,47,False,637640,637910,False,True,0.31562650203704834,0.0014110015472397208
депиляция для мужчин,ce89b773c9974431,1,True,633080,633080,False,True,1.0,1.0
йога,f4310a574a8537ff,143,False,621540,637640,True,False,1.0,1.0
запись музыки на диск,b9856586c3af5772,2,False,621590,621630,True,False,1.0,0.02891298569738865
привоз воды,f5d87008b9c7df79,25,True,646600,646600,False,False,1.0,0.03510097414255142
бесплатная консультация юриста,95933b7e263c2ffd,26,False,655950,656200,False,True,0.05463583767414093,1.0
скупка кинокамера,8715d34b8f19c091,1,True,637640,637640,False,True,1.0,1.0
лизинг для физических лиц,5a9903a345570cae,6,False,621540,637640,True,False,1.0,1.0
услуги перевозки людей,d554b6744423509f,2,True,650210,650210,False,True,1.0,1.0
аниматоры тик ток вечеринка,9d7f8527bb5e7bd4,3,True,659020,659020,False,True,1.0,1.0
снять зал для танцев,6c667c7b14c3d861,1,True,653240,653240,False,True,1.0,0.736846923828125
диджей,df803ba6b3b42287,2,True,650510,650510,False,True,1.0,1.0
аренда грузовика с водителем,6576cfc9e3bedfec,6,True,637640,637640,False,False,1.0,0.7480567097663879
кератиновое выпрямление волос модель,22ba85187e3471bc,1,True,634030,634030,False,False,1.0,1.0
грузотакси с грузчиками,44da9305a5ab280d,11,True,662210,662210,False,True,1.0,1.0
резьба по дереву,e03a731d82bce183,0,False,621540,659020,True,False,,
украшение шариками,ef328501528079a4,4,True,656350,656350,False,True,1.0,1.0
аренда бани с мангалом,4683f25ed6d2aad4,2,True,637640,637640,False,False,1.0,0.14603140950202942
ведущий мероприятий недорого,31c60676e6b04e08,111,True,637640,637640,False,True,1.0,1.0
мастер по стиральным машинам,2675be808ba4592e,1,True,639180,639180,False,True,1.0,1.0
ремонт ходовой грузовых автомобилей,51cd897f98469537,1,True,638120,638120,False,True,1.0,0.028284896165132523
внешняя отделка балкона,1a7634582bb7f3ee,1,True,648220,648220,False,True,1.0,1.0
"террасы, веранды под ключ",9892ffceac755926,54,False,650400,648740,False,False,0.21527136862277985,1.0
аренда сваекрута,af6fee455fcbcf5d,4,True,623880,623880,False,False,1.0,1.0
полировка авто,f8b9094579b83739,1,True,652100,652100,False,True,1.0,1.0
парикмахер колорист,9553629fed97de72,1,True,638120,638120,False,True,1.0,1.0
мягкие игрушки на заказ,223385a1ed672736,6,True,637640,637640,False,False,1.0,1.0
замена аккумулятора iphone 16 pro max,4bcfa1666f670316,1,True,653240,653240,False,True,1.0,1.0
ремонт кофемашин saeco,33b93b7ccee3c722,1,True,653040,653040,False,True,1.0,1.0
ремонт автомобильных ключей,105b23986cdd9db8,1,True,661420,661420,False,False,1.0,1.0
кофе на песке на мероприятие,e46914067e04bc05,1,False,629430,629770,True,False,1.0,1.0
липолитик,6731219bf1917f08,1,True,653040,653040,False,False,1.0,1.0
катализатор,219191a59ea1df25,1,True,656901,656901,False,True,1.0,0.3283095359802246
брови коррекция,be0b00b743373590,4,True,659880,659880,False,False,1.0,1.0
грузоперевозки днр,c968ba03297a0b9a,5,False,904754,904741,False,False,0.6255432367324829,0.4486658573150635
вывеска,3ef011c3ba5c6635,22,True,650400,650400,False,True,1.0,1.0
ремонт насосных станций,6baca683b76408a9,2,True,646600,646600,False,False,1.0,1.0
оформление дверного проема,c2b4ed7a91fde0a5,2,True,650400,650400,False,True,1.0,1.0
вк тк,d9c100b5f8a7759c,3,True,655100,655100,False,True,1.0,1.0
бурение лунок под забор,4b9639633a0bf8a7,4,True,658080,658080,False,True,1.0,0.84075927734375
поклейка обои,e016868e3103a004,4,True,650400,650400,False,True,1.0,1.0
очистка участков,4b0fca354c22d27c,1,True,623130,623130,False,False,1.0,0.1579112708568573
носослезная борозда,930b974124034f3a,26,True,653241,653241,False,True,1.0,1.0
ремонт квартир под ключ без посредников,b38ee43c2b30f8eb,1,True,652430,652430,False,True,1.0,1.0
анализ грунта,bdc6681287f3cfef,14,True,653245,653245,False,False,1.0,0.05881994962692261
гвоздетерапия,c4c71f54308bb50c,2,True,641780,641780,False,False,1.0,0.0
спил деревьев на участке,f871702006cfd016,2,True,646600,646600,False,False,1.0,1.0
шарики на день рождения,3bcb3236acb9dd1a,2,False,107620,637640,True,True,1.0,1.0
афронаращивание волос,14818b57b03dfacd,2,True,641780,641780,False,True,1.0,1.0
скосить траву,3fd18566cbe60242,1,True,637640,637640,False,True,1.0,1.0
видео монтажер,dbf6f5529f0d8eab,8,True,653240,653240,False,False,1.0,1.0
модель барбершоп,f69a65d20dc5b86c,1,True,633080,633080,False,True,1.0,1.0
мытье фасадов,f042f8775490bc86,6,True,635320,635320,False,False,1.0,0.08661496639251709
утепление стен пеной,aa8d1172684eca21,2,True,624840,624840,False,True,1.0,1.0
правка литых дисков,eecf683af3e3daa9,1,True,652430,652430,False,False,1.0,1.0
"строители, бетонщики",f69c6f2b841ba5e7,1,True,621565,621565,False,True,1.0,1.0
перевозка лежачих больных,b33c34b2d3f54fef,1,False,656520,656830,True,False,1.0,1.0
ремонт квартир под ключ,f50b9595d9748df9,3,True,659020,659020,False,False,1.0,1.0
автовоз из владивостока,4c1e821887b89a0a,1,True,657600,657600,False,False,1.0,1.0
холодное цинкование,f3c03cba1adfebaf,25,False,107620,637640,True,False,1.0,0.0
дреды,99a31d9e5bd6eda8,24,True,637640,637640,False,False,1.0,1.0
дреды,ae37222dc3aaad1a,28,True,637640,637640,False,False,1.0,1.0
наращивание ногтей модель бесплатно,bffb8c0e1b5386fa,104,False,638940,638570,True,True,1.0,1.0
master по окнам сао,b000fdae33b8455e,73,True,637640,637640,False,True,1.0,0.0
детский день рождения,e7335917bdb7473a,15,True,624840,624840,False,True,1.0,0.04803687706589699
авто аредна,45ea931e2164454b,4,True,640860,640860,False,True,1.0,1.0
тур база с баней,a5fc8dcac7a0dd6a,19,True,630090,630090,False,True,1.0,0.13492286205291748
перенос данных с iphone,1c998cbbf24b2726,1,True,646600,646600,False,True,1.0,1.0
вывоз компьютерной техники,428e231cea0f089e,16,True,637640,637640,False,True,1.0,0.2615872025489807
