model,trees,weight,matched_recall50,unseen_macro_recall50,held_context_macro_recall50,actual_known_macro_recall50
regularized,600,1.0,0.951065578232884,0.94625,0.9478676470588235,0.9530800821355236
cutoff100,600,1.0,0.9507631723836169,0.9465441176470588,0.9478676470588235,0.9534907597535934
regularized,600,0.75,0.9506747423330438,0.9458088235294118,0.9478676470588235,0.9530800821355236
cutoff100,600,0.75,0.9505409906407578,0.9458088235294118,0.9475735294117648,0.9539014373716632
leaves63,600,0.75,0.9502979348646776,0.9449264705882353,0.9475735294117648,0.9526694045174537
v7,400,0.75,0.9501708535101647,0.9453676470588235,0.9466911764705882,0.9530800821355236
longer31,800,1.0,0.9501158271129992,0.9458088235294118,0.9466911764705882,0.9518480492813142
cutoff100,300,0.5,0.9500053339449868,0.945514705882353,0.9471323529411765,0.9532854209445585
regularized,300,0.5,0.9498053266464118,0.945514705882353,0.9453676470588235,0.9512320328542094
regularized,600,0.5,0.9497990016697346,0.9458088235294118,0.9472794117647059,0.952258726899384
cutoff100,600,0.5,0.9496850672165074,0.9452205882352941,0.9461029411764705,0.9518480492813142
leaves63,600,1.0,0.9496800980246056,0.9453676470588235,0.9466911764705882,0.9510266940451746
longer31,800,0.75,0.9491991764968186,0.9452205882352941,0.9463970588235294,0.9518480492813142
cutoff100,300,0.75,0.94914073004369,0.9452205882352941,0.9461029411764705,0.952258726899384
longer31,400,0.75,0.9489272339847084,0.9446323529411764,0.9458088235294118,0.9518480492813142
longer31,800,0.5,0.9487966826691114,0.9446323529411764,0.945514705882353,0.9506160164271047
leaves63,600,0.5,0.9486503510122014,0.9446323529411764,0.9461029411764705,0.952258726899384
longer31,400,0.5,0.9484366651728691,0.9443382352941176,0.944485294117647,0.9508213552361396
regularized,300,0.75,0.9484034721865224,0.9443382352941176,0.9453676470588235,0.9516427104722792
longer31,400,1.0,0.9482784647037343,0.9446323529411764,0.9449264705882353,0.9510266940451746
leaves63,300,0.75,0.9481303761310478,0.9446323529411764,0.9446323529411764,0.9510266940451746
leaves63,300,0.5,0.9477066438843941,0.9440441176470589,0.9438970588235294,0.9495893223819302
leaves63,300,1.0,0.9475736874690848,0.9443382352941176,0.9446323529411764,0.9510266940451746
regularized,300,1.0,0.9475495813473349,0.9443382352941176,0.9440441176470589,0.9502053388090349
cutoff100,300,1.0,0.9470805505171858,0.9434558823529412,0.9449264705882353,0.9510266940451746
xendcg,600,0.5,0.9457314057284198,0.9416911764705882,0.9427205882352941,0.95
xendcg,300,0.5,0.9454132003070639,0.9419852941176471,0.9409558823529411,0.9467145790554414
xendcg,300,0.75,0.94029305497378,0.9352205882352941,0.9350735294117647,0.9426078028747433
xendcg,600,0.75,0.9343805566799176,0.9291911764705882,0.9291911764705882,0.9393223819301848
xendcg,300,1.0,0.9343165484561482,0.92875,0.929485294117647,0.9380903490759753
xendcg,600,1.0,0.9289782253303887,0.9211519607843138,0.9231617647058824,0.934599589322382
